co-skipper@unidg02-cons:/opt/dozzle$ docker-compose logs -f dozzle
WARN[0000] /opt/dozzle/socks5/docker-compose.yaml: the attribute `version` is obsolete, it will be ignored, please remove it to avoid potential confusion 
dozzle-1  | {"level":"warn","env":"DOZZLE_JIRA_TOKEN","time":"2026-04-10T14:42:57Z","message":"Unexpected environment variable"}
dozzle-1  | {"level":"warn","env":"DOZZLE_JIRA_URL","time":"2026-04-10T14:42:57Z","message":"Unexpected environment variable"}
dozzle-1  | {"level":"info","version":"v10.3.0","time":"2026-04-10T14:42:57Z","message":"Dozzle version v10.3.0"}
dozzle-1  | {"level":"debug","version":"v10.3.0","labels":{"name":["udg*"]},"host":"Developer","time":"2026-04-10T14:42:57Z","message":"Listing containers"}
dozzle-1  | {"level":"debug","version":"v10.3.0","time":"2026-04-10T14:42:57Z","message":"Adding local Docker Engine"}
dozzle-1  | {"level":"debug","version":"v10.3.0","host":"Developer","time":"2026-04-10T14:42:57Z","message":"Fetching host"}
dozzle-1  | {"level":"debug","version":"v10.3.0","host":"Developer","labels":{"name":["udg*"]},"time":"2026-04-10T14:42:57Z","message":"initializing container store"}
dozzle-1  | {"level":"debug","version":"v10.3.0","host":"Developer","time":"2026-04-10T14:42:57Z","message":"Fetching host"}
dozzle-1  | {"level":"debug","version":"v10.3.0","labels":{"name":["udg*"]},"host":"Developer","time":"2026-04-10T14:42:57Z","message":"Listing containers"}
dozzle-1  | {"level":"debug","version":"v10.3.0","host":"Developer","time":"2026-04-10T14:42:57Z","message":"Fetching host"}
dozzle-1  | {"level":"debug","version":"v10.3.0","host":"Developer","time":"2026-04-10T14:42:57Z","message":"docker store subscribing docker events"}
dozzle-1  | {"level":"debug","version":"v10.3.0","host":"Developer","time":"2026-04-10T14:42:57Z","message":"Fetching host"}
dozzle-1  | {"level":"debug","version":"v10.3.0","id":"c4c83045b404","time":"2026-04-10T14:42:57Z","message":"Finding container"}
dozzle-1  | {"level":"debug","version":"v10.3.0","id":"062693dc2ab0","time":"2026-04-10T14:42:57Z","message":"Finding container"}
dozzle-1  | {"level":"debug","version":"v10.3.0","containers":2,"time":"2026-04-10T14:42:57Z","message":"finished initializing container store"}
dozzle-1  | {"level":"warn","version":"v10.3.0","error":"unknown code: Unavailable with rpc error: code = Unavailable desc = name resolver error: produced zero addresses","endpoint":"dozzle-release:7007","deadline":"9.928s","elapsed":71.783569,"time":"2026-04-10T14:42:57Z","message":"agent client host failed"}
dozzle-1  | {"level":"warn","version":"v10.3.0","error":"unknown code: Unavailable with rpc error: code = Unavailable desc = name resolver error: produced zero addresses","endpoint":"dozzle-release:7007","time":"2026-04-10T14:42:57Z","message":"error fetching host info for agent"}
dozzle-1  | {"level":"debug","version":"v10.3.0","endpoint":"dozzle-test:7007","host":"Test","deadline":"9.962s","elapsed":38.472135,"time":"2026-04-10T14:42:57Z","message":"agent client host completed"}
dozzle-1  | {"level":"info","version":"v10.3.0","clients":2,"time":"2026-04-10T14:42:57Z","message":"Connected to Docker"}
dozzle-1  | {"level":"debug","version":"v10.3.0","labels":{"name":["udg*"]},"host":"Developer","time":"2026-04-10T14:42:57Z","message":"Listing containers"}
dozzle-1  | {"level":"debug","version":"v10.3.0","name":"udg-backend-1 error","id":2,"time":"2026-04-10T14:42:57Z","message":"Loaded subscription"}
dozzle-1  | {"level":"debug","version":"v10.3.0","name":"udg-backend-1 info","id":3,"time":"2026-04-10T14:42:57Z","message":"Loaded subscription"}
dozzle-1  | {"level":"debug","version":"v10.3.0","name":"Обновление контейнера фронтенда","id":4,"time":"2026-04-10T14:42:57Z","message":"Loaded subscription"}
dozzle-1  | {"level":"debug","version":"v10.3.0","name":"Ресурсы","id":5,"time":"2026-04-10T14:42:57Z","message":"Loaded subscription"}
dozzle-1  | {"level":"debug","version":"v10.3.0","id":1,"time":"2026-04-10T14:42:57Z","message":"Loaded dispatcher from state sync"}
dozzle-1  | {"level":"debug","version":"v10.3.0","id":2,"time":"2026-04-10T14:42:57Z","message":"Loaded dispatcher from state sync"}
dozzle-1  | {"level":"debug","version":"v10.3.0","id":3,"time":"2026-04-10T14:42:57Z","message":"Loaded dispatcher from state sync"}
dozzle-1  | {"level":"debug","version":"v10.3.0","time":"2026-04-10T14:42:57Z","message":"Started container stats listener for metric alerts"}
dozzle-1  | {"level":"debug","version":"v10.3.0","subscriptions":4,"dispatchers":3,"time":"2026-04-10T14:42:57Z","message":"Replaced notification state"}
dozzle-1  | {"level":"debug","version":"v10.3.0","path":"./data/notifications.yml","time":"2026-04-10T14:42:57Z","message":"Loaded notification config"}
dozzle-1  | {"level":"debug","version":"v10.3.0","host":"Developer","time":"2026-04-10T14:42:57Z","message":"Fetching host"}
dozzle-1  | {"level":"debug","version":"v10.3.0","container":"062693dc2ab0","host":"Developer","time":"2026-04-10T14:42:57Z","message":"starting to stream stats"}
dozzle-1  | {"level":"debug","version":"v10.3.0","host":"Developer","time":"2026-04-10T14:42:57Z","message":"Fetching host"}
dozzle-1  | {"level":"debug","version":"v10.3.0","host":"Developer","time":"2026-04-10T14:42:57Z","message":"starting to listen to docker events"}
dozzle-1  | {"level":"debug","version":"v10.3.0","host":"Developer","time":"2026-04-10T14:42:57Z","message":"Fetching host"}
dozzle-1  | {"level":"debug","version":"v10.3.0","container":"c4c83045b404","host":"Developer","time":"2026-04-10T14:42:57Z","message":"starting to stream stats"}
dozzle-1  | {"level":"debug","version":"v10.3.0","host":"Developer","time":"2026-04-10T14:42:57Z","message":"Fetching host"}
dozzle-1  | {"level":"warn","version":"v10.3.0","error":"unknown code: Unavailable with rpc error: code = Unavailable desc = name resolver error: produced zero addresses","endpoint":"dozzle-release:7007","deadline":"9.995s","elapsed":5.229636,"time":"2026-04-10T14:42:57Z","message":"agent client host failed"}
dozzle-1  | {"level":"warn","version":"v10.3.0","error":"unknown code: Unavailable with rpc error: code = Unavailable desc = name resolver error: produced zero addresses","endpoint":"dozzle-release:7007","time":"2026-04-10T14:42:57Z","message":"error fetching host info for agent"}
dozzle-1  | {"level":"debug","version":"v10.3.0","labels":{},"caller":"docker.(*MultiHostService).ListAllContainers.func1","time":"2026-04-10T14:42:57Z","message":"agent service list containers started"}
dozzle-1  | {"level":"debug","version":"v10.3.0","endpoint":"dozzle-test:7007","labels":{},"count":9,"deadline":"9.979s","elapsed":21.289278,"time":"2026-04-10T14:42:57Z","message":"agent client list containers completed"}
dozzle-1  | {"level":"debug","version":"v10.3.0","labels":{},"count":9,"caller":"docker.(*MultiHostService).ListAllContainers.func1","elapsed":21.412535,"time":"2026-04-10T14:42:57Z","message":"agent service list containers completed"}
dozzle-1  | {"level":"info","version":"v10.3.0","time":"2026-04-10T14:42:57Z","message":"Accepting connections on :8080"}
dozzle-1  | {"level":"debug","version":"v10.3.0","clients":2,"failedAgents":1,"caller":"docker.(*MultiHostService).Hosts:320","deadline":"10s","time":"2026-04-10T14:42:58Z","message":"retriable manager hosts started"}
dozzle-1  | {"level":"debug","version":"v10.3.0","host":"Developer","time":"2026-04-10T14:42:58Z","message":"Fetching host"}
dozzle-1  | {"level":"debug","version":"v10.3.0","endpoint":"dozzle-test:7007","host":"Test","deadline":"9.998s","elapsed":1.860526,"time":"2026-04-10T14:42:58Z","message":"agent client host completed"}
dozzle-1  | {"level":"debug","version":"v10.3.0","host":"Test","caller":"docker.(*RetriableClientManager).Hosts.func1","elapsed":1.933841,"time":"2026-04-10T14:42:58Z","message":"agent service host completed"}
dozzle-1  | {"level":"debug","version":"v10.3.0","hosts":3,"caller":"docker.(*MultiHostService).Hosts:320","elapsed":2.304341,"time":"2026-04-10T14:42:58Z","message":"retriable manager hosts completed"}
dozzle-1  | {"level":"debug","version":"v10.3.0","host":"yhjnfpu5h89b56sgrto5hxfe5","labels":{"name":["udg*"]},"caller":"web.(*handler).streamEvents.func1:54","timeout":"10s","time":"2026-04-10T14:42:58Z","message":"multi-host list containers started"}
dozzle-1  | {"level":"debug","version":"v10.3.0","labels":{"name":["udg*"]},"caller":"docker.(*MultiHostService).ListContainersForHost","time":"2026-04-10T14:42:58Z","message":"agent service list containers started"}
dozzle-1  | {"level":"debug","version":"v10.3.0","host":"y8qzagad6xykor1euqkjpbbly","labels":{"name":["udg*"]},"caller":"web.(*handler).streamEvents.func1:54","timeout":"10s","time":"2026-04-10T14:42:58Z","message":"multi-host list containers started"}
dozzle-1  | {"level":"debug","version":"v10.3.0","labels":{"name":["udg*"]},"host":"Developer","time":"2026-04-10T14:42:58Z","message":"Listing containers"}
dozzle-1  | {"level":"warn","version":"v10.3.0","error":"host dozzle-release:7007 not found","host":"dozzle-release:7007","time":"2026-04-10T14:42:58Z","message":"error listing containers for host during initial sync"}
dozzle-1  | {"level":"debug","version":"v10.3.0","clients":2,"failedAgents":1,"caller":"docker.(*MultiHostService).Hosts:320","deadline":"10s","time":"2026-04-10T14:42:58Z","message":"retriable manager hosts started"}
dozzle-1  | {"level":"debug","version":"v10.3.0","host":"Developer","time":"2026-04-10T14:42:58Z","message":"Fetching host"}
dozzle-1  | {"level":"debug","version":"v10.3.0","endpoint":"dozzle-test:7007","host":"Test","deadline":"9.999s","elapsed":0.981385,"time":"2026-04-10T14:42:58Z","message":"agent client host completed"}
dozzle-1  | {"level":"debug","version":"v10.3.0","host":"Test","caller":"docker.(*RetriableClientManager).Hosts.func1","elapsed":1.018362,"time":"2026-04-10T14:42:58Z","message":"agent service host completed"}
dozzle-1  | {"level":"debug","version":"v10.3.0","hosts":3,"caller":"docker.(*MultiHostService).Hosts:320","elapsed":1.131512,"time":"2026-04-10T14:42:58Z","message":"retriable manager hosts completed"}
dozzle-1  | {"level":"debug","version":"v10.3.0","clients":2,"failedAgents":1,"caller":"docker.(*MultiHostService).Hosts:320","deadline":"10s","time":"2026-04-10T14:42:58Z","message":"retriable manager hosts started"}
dozzle-1  | {"level":"debug","version":"v10.3.0","host":"Developer","time":"2026-04-10T14:42:58Z","message":"Fetching host"}
dozzle-1  | {"level":"debug","version":"v10.3.0","endpoint":"dozzle-test:7007","host":"Test","deadline":"9.999s","elapsed":0.753186,"time":"2026-04-10T14:42:58Z","message":"agent client host completed"}
dozzle-1  | {"level":"debug","version":"v10.3.0","host":"Test","caller":"docker.(*RetriableClientManager).Hosts.func1","elapsed":0.790928,"time":"2026-04-10T14:42:58Z","message":"agent service host completed"}
dozzle-1  | {"level":"debug","version":"v10.3.0","hosts":3,"caller":"docker.(*MultiHostService).Hosts:320","elapsed":0.846608,"time":"2026-04-10T14:42:58Z","message":"retriable manager hosts completed"}
dozzle-1  | {"level":"debug","version":"v10.3.0","host":"y8qzagad6xykor1euqkjpbbly","labels":{"name":["udg*"]},"count":2,"caller":"web.(*handler).streamEvents.func1:54","elapsed":6.621615,"time":"2026-04-10T14:42:58Z","message":"multi-host list containers completed"}
dozzle-1  | {"level":"debug","version":"v10.3.0","endpoint":"dozzle-test:7007","labels":{"name":["udg*"]},"count":2,"deadline":"9.993s","elapsed":6.780344,"time":"2026-04-10T14:42:58Z","message":"agent client list containers completed"}
dozzle-1  | {"level":"debug","version":"v10.3.0","labels":{"name":["udg*"]},"count":2,"caller":"docker.(*MultiHostService).ListContainersForHost","elapsed":6.82381,"time":"2026-04-10T14:42:58Z","message":"agent service list containers completed"}
dozzle-1  | {"level":"debug","version":"v10.3.0","host":"yhjnfpu5h89b56sgrto5hxfe5","labels":{"name":["udg*"]},"count":2,"caller":"web.(*handler).streamEvents.func1:54","elapsed":7.007039,"time":"2026-04-10T14:42:58Z","message":"multi-host list containers completed"}
dozzle-1  | {"level":"debug","version":"v10.3.0","host":"Developer","time":"2026-04-10T14:42:58Z","message":"Fetching host"}
dozzle-1  | {"level":"debug","version":"v10.3.0","endpoint":"dozzle-release:7007","host":"Release","deadline":"9.989s","elapsed":10.558892,"time":"2026-04-10T14:43:02Z","message":"agent client host completed"}
dozzle-1  | {"level":"debug","version":"v10.3.0","labels":{},"caller":"docker.(*MultiHostService).ListAllContainers.func1","time":"2026-04-10T14:43:02Z","message":"agent service list containers started"}
dozzle-1  | {"level":"debug","version":"v10.3.0","labels":{},"caller":"docker.(*MultiHostService).ListAllContainers.func1","time":"2026-04-10T14:43:02Z","message":"agent service list containers started"}
dozzle-1  | {"level":"debug","version":"v10.3.0","labels":{},"caller":"docker.(*MultiHostService).ListAllContainers.func1","time":"2026-04-10T14:43:02Z","message":"agent service list containers started"}
dozzle-1  | {"level":"debug","version":"v10.3.0","labels":{},"caller":"docker.(*MultiHostService).ListAllContainers.func1","time":"2026-04-10T14:43:02Z","message":"agent service list containers started"}
dozzle-1  | {"level":"debug","version":"v10.3.0","labels":{},"caller":"docker.(*MultiHostService).ListAllContainers.func1","time":"2026-04-10T14:43:02Z","message":"agent service list containers started"}
dozzle-1  | {"level":"debug","version":"v10.3.0","labels":{},"caller":"docker.(*MultiHostService).ListAllContainers.func1","time":"2026-04-10T14:43:02Z","message":"agent service list containers started"}
dozzle-1  | {"level":"debug","version":"v10.3.0","endpoint":"dozzle-release:7007","labels":{},"count":17,"deadline":"9.995s","elapsed":5.142365,"time":"2026-04-10T14:43:02Z","message":"agent client list containers completed"}
dozzle-1  | {"level":"debug","version":"v10.3.0","labels":{},"count":17,"caller":"docker.(*MultiHostService).ListAllContainers.func1","elapsed":5.201147,"time":"2026-04-10T14:43:02Z","message":"agent service list containers completed"}
dozzle-1  | {"level":"debug","version":"v10.3.0","endpoint":"dozzle-release:7007","labels":{},"count":17,"deadline":"9.992s","elapsed":7.592889,"time":"2026-04-10T14:43:02Z","message":"agent client list containers completed"}
dozzle-1  | {"level":"debug","version":"v10.3.0","labels":{},"count":17,"caller":"docker.(*MultiHostService).ListAllContainers.func1","elapsed":7.727479,"time":"2026-04-10T14:43:02Z","message":"agent service list containers completed"}
dozzle-1  | {"level":"debug","version":"v10.3.0","endpoint":"dozzle-release:7007","labels":{},"count":17,"deadline":"9.993s","elapsed":7.017562,"time":"2026-04-10T14:43:02Z","message":"agent client list containers completed"}
dozzle-1  | {"level":"debug","version":"v10.3.0","labels":{},"count":17,"caller":"docker.(*MultiHostService).ListAllContainers.func1","elapsed":7.067782,"time":"2026-04-10T14:43:02Z","message":"agent service list containers completed"}
dozzle-1  | {"level":"debug","version":"v10.3.0","labels":{},"caller":"docker.(*MultiHostService).ListAllContainers.func1","time":"2026-04-10T14:43:02Z","message":"agent service list containers started"}
dozzle-1  | {"level":"debug","version":"v10.3.0","labels":{},"caller":"docker.(*MultiHostService).ListAllContainers.func1","time":"2026-04-10T14:43:02Z","message":"agent service list containers started"}
dozzle-1  | {"level":"debug","version":"v10.3.0","labels":{},"caller":"docker.(*MultiHostService).ListAllContainers.func1","time":"2026-04-10T14:43:02Z","message":"agent service list containers started"}
dozzle-1  | {"level":"debug","version":"v10.3.0","labels":{},"caller":"docker.(*MultiHostService).ListAllContainers.func1","time":"2026-04-10T14:43:02Z","message":"agent service list containers started"}
dozzle-1  | {"level":"debug","version":"v10.3.0","endpoint":"dozzle-release:7007","labels":{},"count":17,"deadline":"9.997s","elapsed":2.883645,"time":"2026-04-10T14:43:02Z","message":"agent client list containers completed"}
dozzle-1  | {"level":"debug","version":"v10.3.0","labels":{},"count":17,"caller":"docker.(*MultiHostService).ListAllContainers.func1","elapsed":2.932514,"time":"2026-04-10T14:43:02Z","message":"agent service list containers completed"}
dozzle-1  | {"level":"debug","version":"v10.3.0","endpoint":"dozzle-release:7007","labels":{},"count":17,"deadline":"9.997s","elapsed":2.555344,"time":"2026-04-10T14:43:02Z","message":"agent client list containers completed"}
dozzle-1  | {"level":"debug","version":"v10.3.0","labels":{},"count":17,"caller":"docker.(*MultiHostService).ListAllContainers.func1","elapsed":2.602293,"time":"2026-04-10T14:43:02Z","message":"agent service list containers completed"}
dozzle-1  | {"level":"warn","version":"v10.3.0","error":"deadline exceeded: context deadline exceeded while waiting for connections to become ready with context deadline exceeded","endpoint":"dozzle-test:7007","labels":{},"deadline":"-1ms","elapsed":10000.507774,"time":"2026-04-10T14:43:12Z","message":"agent client list containers failed"}
dozzle-1  | {"level":"warn","version":"v10.3.0","error":"deadline exceeded: context deadline exceeded while waiting for connections to become ready with context deadline exceeded","labels":{},"caller":"docker.(*MultiHostService).ListAllContainers.func1","elapsed":10000.617834,"time":"2026-04-10T14:43:12Z","message":"agent service list containers failed"}
dozzle-1  | {"level":"warn","version":"v10.3.0","error":"deadline exceeded: context deadline exceeded while waiting for connections to become ready with context deadline exceeded","endpoint":"dozzle-test:7007","labels":{},"deadline":"0s","elapsed":10000.151145,"time":"2026-04-10T14:43:12Z","message":"agent client list containers failed"}
dozzle-1  | {"level":"warn","version":"v10.3.0","error":"deadline exceeded: context deadline exceeded while waiting for connections to become ready with context deadline exceeded","labels":{},"caller":"docker.(*MultiHostService).ListAllContainers.func1","elapsed":10000.464682,"time":"2026-04-10T14:43:12Z","message":"agent service list containers failed"}
dozzle-1  | {"level":"warn","version":"v10.3.0","error":"deadline exceeded: context deadline exceeded with context deadline exceeded","endpoint":"dozzle-test:7007","deadline":"-1ms","elapsed":0.016723,"time":"2026-04-10T14:43:12Z","message":"agent client host failed"}
dozzle-1  | {"level":"warn","version":"v10.3.0","error":"deadline exceeded: context deadline exceeded with context deadline exceeded","caller":"docker.(*MultiHostService).ListAllContainers.func1","elapsed":0.035483,"time":"2026-04-10T14:43:12Z","message":"agent service host failed"}
dozzle-1  | {"level":"debug","version":"v10.3.0","error":"deadline exceeded: context deadline exceeded while waiting for connections to become ready with context deadline exceeded","host":"Test","time":"2026-04-10T14:43:12Z","message":"error listing containers"}
dozzle-1  | {"level":"warn","version":"v10.3.0","error":"deadline exceeded: context deadline exceeded with context deadline exceeded","endpoint":"dozzle-test:7007","deadline":"-1ms","elapsed":0.032903,"time":"2026-04-10T14:43:12Z","message":"agent client host failed"}
dozzle-1  | {"level":"warn","version":"v10.3.0","error":"deadline exceeded: context deadline exceeded with context deadline exceeded","caller":"docker.(*MultiHostService).ListAllContainers.func1","elapsed":0.275962,"time":"2026-04-10T14:43:12Z","message":"agent service host failed"}
dozzle-1  | {"level":"debug","version":"v10.3.0","error":"deadline exceeded: context deadline exceeded while waiting for connections to become ready with context deadline exceeded","host":"Test","time":"2026-04-10T14:43:12Z","message":"error listing containers"}
dozzle-1  | {"level":"warn","version":"v10.3.0","error":"deadline exceeded: context deadline exceeded while waiting for connections to become ready with context deadline exceeded","endpoint":"dozzle-test:7007","labels":{},"deadline":"0s","elapsed":10000.47262,"time":"2026-04-10T14:43:12Z","message":"agent client list containers failed"}
dozzle-1  | {"level":"warn","version":"v10.3.0","error":"deadline exceeded: context deadline exceeded while waiting for connections to become ready with context deadline exceeded","labels":{},"caller":"docker.(*MultiHostService).ListAllContainers.func1","elapsed":10000.51137,"time":"2026-04-10T14:43:12Z","message":"agent service list containers failed"}
dozzle-1  | {"level":"warn","version":"v10.3.0","error":"deadline exceeded: context deadline exceeded with context deadline exceeded","endpoint":"dozzle-test:7007","deadline":"-1ms","elapsed":0.017053,"time":"2026-04-10T14:43:12Z","message":"agent client host failed"}
dozzle-1  | {"level":"warn","version":"v10.3.0","error":"deadline exceeded: context deadline exceeded with context deadline exceeded","caller":"docker.(*MultiHostService).ListAllContainers.func1","elapsed":0.034179,"time":"2026-04-10T14:43:12Z","message":"agent service host failed"}
dozzle-1  | {"level":"debug","version":"v10.3.0","error":"deadline exceeded: context deadline exceeded while waiting for connections to become ready with context deadline exceeded","host":"Test","time":"2026-04-10T14:43:12Z","message":"error listing containers"}
dozzle-1  | {"level":"warn","version":"v10.3.0","error":"deadline exceeded: context deadline exceeded while waiting for connections to become ready with context deadline exceeded","endpoint":"dozzle-test:7007","labels":{},"deadline":"0s","elapsed":10000.258265,"time":"2026-04-10T14:43:12Z","message":"agent client list containers failed"}
dozzle-1  | {"level":"warn","version":"v10.3.0","error":"deadline exceeded: context deadline exceeded while waiting for connections to become ready with context deadline exceeded","labels":{},"caller":"docker.(*MultiHostService).ListAllContainers.func1","elapsed":10000.389227,"time":"2026-04-10T14:43:12Z","message":"agent service list containers failed"}
dozzle-1  | {"level":"warn","version":"v10.3.0","error":"deadline exceeded: context deadline exceeded with context deadline exceeded","endpoint":"dozzle-test:7007","deadline":"-1ms","elapsed":0.063183,"time":"2026-04-10T14:43:12Z","message":"agent client host failed"}
dozzle-1  | {"level":"warn","version":"v10.3.0","error":"deadline exceeded: context deadline exceeded with context deadline exceeded","caller":"docker.(*MultiHostService).ListAllContainers.func1","elapsed":0.163547,"time":"2026-04-10T14:43:12Z","message":"agent service host failed"}
dozzle-1  | {"level":"debug","version":"v10.3.0","error":"deadline exceeded: context deadline exceeded while waiting for connections to become ready with context deadline exceeded","host":"Test","time":"2026-04-10T14:43:12Z","message":"error listing containers"}
dozzle-1  | {"level":"warn","version":"v10.3.0","error":"deadline exceeded: context deadline exceeded while waiting for connections to become ready with context deadline exceeded","endpoint":"dozzle-test:7007","labels":{},"deadline":"-1ms","elapsed":10000.598588,"time":"2026-04-10T14:43:12Z","message":"agent client list containers failed"}
dozzle-1  | {"level":"warn","version":"v10.3.0","error":"deadline exceeded: context deadline exceeded while waiting for connections to become ready with context deadline exceeded","labels":{},"caller":"docker.(*MultiHostService).ListAllContainers.func1","elapsed":10000.704679,"time":"2026-04-10T14:43:12Z","message":"agent service list containers failed"}
dozzle-1  | {"level":"warn","version":"v10.3.0","error":"deadline exceeded: context deadline exceeded with context deadline exceeded","endpoint":"dozzle-test:7007","deadline":"-1ms","elapsed":0.034923,"time":"2026-04-10T14:43:12Z","message":"agent client host failed"}
dozzle-1  | {"level":"warn","version":"v10.3.0","error":"deadline exceeded: context deadline exceeded with context deadline exceeded","caller":"docker.(*MultiHostService).ListAllContainers.func1","elapsed":0.104724,"time":"2026-04-10T14:43:12Z","message":"agent service host failed"}
dozzle-1  | {"level":"debug","version":"v10.3.0","error":"deadline exceeded: context deadline exceeded while waiting for connections to become ready with context deadline exceeded","host":"Test","time":"2026-04-10T14:43:12Z","message":"error listing containers"}
dozzle-1  | {"level":"debug","version":"v10.3.0","clients":3,"failedAgents":0,"caller":"docker.(*MultiHostService).Hosts:320","deadline":"10s","time":"2026-04-10T14:43:12Z","message":"retriable manager hosts started"}
dozzle-1  | {"level":"debug","version":"v10.3.0","host":"Developer","time":"2026-04-10T14:43:12Z","message":"Fetching host"}
dozzle-1  | {"level":"debug","version":"v10.3.0","endpoint":"dozzle-release:7007","host":"Release","deadline":"9.997s","elapsed":2.450362,"time":"2026-04-10T14:43:12Z","message":"agent client host completed"}
dozzle-1  | {"level":"debug","version":"v10.3.0","host":"Release","caller":"docker.(*RetriableClientManager).Hosts.func1","elapsed":2.551029,"time":"2026-04-10T14:43:12Z","message":"agent service host completed"}
dozzle-1  | {"level":"debug","version":"v10.3.0","labels":{},"caller":"docker.(*MultiHostService).ListAllContainers.func1","time":"2026-04-10T14:43:12Z","message":"agent service list containers started"}
dozzle-1  | {"level":"debug","version":"v10.3.0","labels":{},"caller":"docker.(*MultiHostService).ListAllContainers.func1","time":"2026-04-10T14:43:12Z","message":"agent service list containers started"}
dozzle-1  | {"level":"debug","version":"v10.3.0","endpoint":"dozzle-release:7007","labels":{},"count":17,"deadline":"9.995s","elapsed":4.463551,"time":"2026-04-10T14:43:12Z","message":"agent client list containers completed"}
dozzle-1  | {"level":"debug","version":"v10.3.0","labels":{},"count":17,"caller":"docker.(*MultiHostService).ListAllContainers.func1","elapsed":4.556705,"time":"2026-04-10T14:43:12Z","message":"agent service list containers completed"}
dozzle-1  | {"level":"debug","version":"v10.3.0","labels":{},"caller":"docker.(*MultiHostService).ListAllContainers.func1","time":"2026-04-10T14:43:12Z","message":"agent service list containers started"}
dozzle-1  | {"level":"debug","version":"v10.3.0","labels":{},"caller":"docker.(*MultiHostService).ListAllContainers.func1","time":"2026-04-10T14:43:12Z","message":"agent service list containers started"}
dozzle-1  | {"level":"debug","version":"v10.3.0","labels":{},"caller":"docker.(*MultiHostService).ListAllContainers.func1","time":"2026-04-10T14:43:12Z","message":"agent service list containers started"}
dozzle-1  | {"level":"debug","version":"v10.3.0","labels":{},"caller":"docker.(*MultiHostService).ListAllContainers.func1","time":"2026-04-10T14:43:12Z","message":"agent service list containers started"}
dozzle-1  | {"level":"debug","version":"v10.3.0","endpoint":"dozzle-release:7007","labels":{},"count":17,"deadline":"9.994s","elapsed":6.287171,"time":"2026-04-10T14:43:12Z","message":"agent client list containers completed"}
dozzle-1  | {"level":"debug","version":"v10.3.0","labels":{},"count":17,"caller":"docker.(*MultiHostService).ListAllContainers.func1","elapsed":6.417694,"time":"2026-04-10T14:43:12Z","message":"agent service list containers completed"}
dozzle-1  | {"level":"debug","version":"v10.3.0","endpoint":"dozzle-release:7007","labels":{},"count":17,"deadline":"9.993s","elapsed":7.219225,"time":"2026-04-10T14:43:12Z","message":"agent client list containers completed"}
dozzle-1  | {"level":"debug","version":"v10.3.0","labels":{},"count":17,"caller":"docker.(*MultiHostService).ListAllContainers.func1","elapsed":7.36162,"time":"2026-04-10T14:43:12Z","message":"agent service list containers completed"}
dozzle-1  | {"level":"debug","version":"v10.3.0","labels":{},"caller":"docker.(*MultiHostService).ListAllContainers.func1","time":"2026-04-10T14:43:12Z","message":"agent service list containers started"}
dozzle-1  | {"level":"debug","version":"v10.3.0","labels":{},"caller":"docker.(*MultiHostService).ListAllContainers.func1","time":"2026-04-10T14:43:12Z","message":"agent service list containers started"}
dozzle-1  | {"level":"debug","version":"v10.3.0","endpoint":"dozzle-release:7007","labels":{},"count":17,"deadline":"9.989s","elapsed":11.027105,"time":"2026-04-10T14:43:13Z","message":"agent client list containers completed"}
dozzle-1  | {"level":"debug","version":"v10.3.0","labels":{},"count":17,"caller":"docker.(*MultiHostService).ListAllContainers.func1","elapsed":11.186325,"time":"2026-04-10T14:43:13Z","message":"agent service list containers completed"}
dozzle-1  | {"level":"warn","version":"v10.3.0","error":"unknown code: Unavailable with rpc error: code = Unavailable desc = connection error: desc = \"transport: Error while dialing: dial tcp 172.16.12.148:7007: i/o timeout\"","endpoint":"dozzle-test:7007","deadline":"71ms","elapsed":9928.902021,"time":"2026-04-10T14:43:22Z","message":"agent client host failed"}
dozzle-1  | {"level":"warn","version":"v10.3.0","error":"unknown code: Unavailable with rpc error: code = Unavailable desc = connection error: desc = \"transport: Error while dialing: dial tcp 172.16.12.148:7007: i/o timeout\"","endpoint":"dozzle-test:7007","labels":{},"deadline":"118ms","elapsed":9881.382102,"time":"2026-04-10T14:43:22Z","message":"agent client list containers failed"}
dozzle-1  | {"level":"warn","version":"v10.3.0","error":"unknown code: Unavailable with rpc error: code = Unavailable desc = connection error: desc = \"transport: Error while dialing: dial tcp 172.16.12.148:7007: i/o timeout\"","caller":"docker.(*RetriableClientManager).Hosts.func1","elapsed":9929.023632,"time":"2026-04-10T14:43:22Z","message":"agent service host failed"}
dozzle-1  | {"level":"warn","version":"v10.3.0","error":"unknown code: Unavailable with rpc error: code = Unavailable desc = connection error: desc = \"transport: Error while dialing: dial tcp 172.16.12.148:7007: i/o timeout\"","host":"Test","time":"2026-04-10T14:43:22Z","message":"error fetching host info for client"}
dozzle-1  | {"level":"debug","version":"v10.3.0","hosts":3,"caller":"docker.(*MultiHostService).Hosts:320","elapsed":9929.583401,"time":"2026-04-10T14:43:22Z","message":"retriable manager hosts completed"}
dozzle-1  | {"level":"warn","version":"v10.3.0","error":"unknown code: Unavailable with rpc error: code = Unavailable desc = connection error: desc = \"transport: Error while dialing: dial tcp 172.16.12.148:7007: i/o timeout\"","endpoint":"dozzle-test:7007","labels":{},"deadline":"98ms","elapsed":9902.448684,"time":"2026-04-10T14:43:22Z","message":"agent client list containers failed"}
dozzle-1  | {"level":"warn","version":"v10.3.0","error":"unknown code: Unavailable with rpc error: code = Unavailable desc = connection error: desc = \"transport: Error while dialing: dial tcp 172.16.12.148:7007: i/o timeout\"","labels":{},"caller":"docker.(*MultiHostService).ListAllContainers.func1","elapsed":9902.516976,"time":"2026-04-10T14:43:22Z","message":"agent service list containers failed"}
dozzle-1  | {"level":"warn","version":"v10.3.0","error":"unknown code: Unavailable with rpc error: code = Unavailable desc = connection error: desc = \"transport: Error while dialing: dial tcp 172.16.12.148:7007: i/o timeout\"","endpoint":"dozzle-test:7007","labels":{},"deadline":"98ms","elapsed":9902.217698,"time":"2026-04-10T14:43:22Z","message":"agent client list containers failed"}
dozzle-1  | {"level":"warn","version":"v10.3.0","error":"unknown code: Unavailable with rpc error: code = Unavailable desc = connection error: desc = \"transport: Error while dialing: dial tcp 172.16.12.148:7007: i/o timeout\"","labels":{},"caller":"docker.(*MultiHostService).ListAllContainers.func1","elapsed":9902.639293,"time":"2026-04-10T14:43:22Z","message":"agent service list containers failed"}
dozzle-1  | {"level":"warn","version":"v10.3.0","error":"unknown code: Unavailable with rpc error: code = Unavailable desc = connection error: desc = \"transport: Error while dialing: dial tcp 172.16.12.148:7007: i/o timeout\"","endpoint":"dozzle-test:7007","deadline":"97ms","elapsed":0.07921,"time":"2026-04-10T14:43:22Z","message":"agent client host failed"}
dozzle-1  | {"level":"warn","version":"v10.3.0","error":"unknown code: Unavailable with rpc error: code = Unavailable desc = connection error: desc = \"transport: Error while dialing: dial tcp 172.16.12.148:7007: i/o timeout\"","labels":{},"caller":"docker.(*MultiHostService).ListAllContainers.func1","elapsed":9881.482483,"time":"2026-04-10T14:43:22Z","message":"agent service list containers failed"}
dozzle-1  | {"level":"warn","version":"v10.3.0","error":"unknown code: Unavailable with rpc error: code = Unavailable desc = connection error: desc = \"transport: Error while dialing: dial tcp 172.16.12.148:7007: i/o timeout\"","caller":"docker.(*MultiHostService).ListAllContainers.func1","elapsed":0.14393,"time":"2026-04-10T14:43:22Z","message":"agent service host failed"}
dozzle-1  | {"level":"debug","version":"v10.3.0","error":"unknown code: Unavailable with rpc error: code = Unavailable desc = connection error: desc = \"transport: Error while dialing: dial tcp 172.16.12.148:7007: i/o timeout\"","host":"Test","time":"2026-04-10T14:43:22Z","message":"error listing containers"}
dozzle-1  | {"level":"warn","version":"v10.3.0","error":"unknown code: Unavailable with rpc error: code = Unavailable desc = connection error: desc = \"transport: Error while dialing: dial tcp 172.16.12.148:7007: i/o timeout\"","endpoint":"dozzle-test:7007","labels":{},"deadline":"79ms","elapsed":9921.129739,"time":"2026-04-10T14:43:22Z","message":"agent client list containers failed"}
dozzle-1  | {"level":"warn","version":"v10.3.0","error":"unknown code: Unavailable with rpc error: code = Unavailable desc = connection error: desc = \"transport: Error while dialing: dial tcp 172.16.12.148:7007: i/o timeout\"","labels":{},"caller":"docker.(*MultiHostService).ListAllContainers.func1","elapsed":9921.379867,"time":"2026-04-10T14:43:22Z","message":"agent service list containers failed"}
dozzle-1  | {"level":"warn","version":"v10.3.0","error":"unknown code: Unavailable with rpc error: code = Unavailable desc = connection error: desc = \"transport: Error while dialing: dial tcp 172.16.12.148:7007: i/o timeout\"","endpoint":"dozzle-test:7007","deadline":"118ms","elapsed":0.079123,"time":"2026-04-10T14:43:22Z","message":"agent client host failed"}
dozzle-1  | {"level":"warn","version":"v10.3.0","error":"unknown code: Unavailable with rpc error: code = Unavailable desc = connection error: desc = \"transport: Error while dialing: dial tcp 172.16.12.148:7007: i/o timeout\"","caller":"docker.(*MultiHostService).ListAllContainers.func1","elapsed":0.312767,"time":"2026-04-10T14:43:22Z","message":"agent service host failed"}
dozzle-1  | {"level":"debug","version":"v10.3.0","error":"unknown code: Unavailable with rpc error: code = Unavailable desc = connection error: desc = \"transport: Error while dialing: dial tcp 172.16.12.148:7007: i/o timeout\"","host":"Test","time":"2026-04-10T14:43:22Z","message":"error listing containers"}
dozzle-1  | {"level":"warn","version":"v10.3.0","error":"unknown code: Unavailable with rpc error: code = Unavailable desc = connection error: desc = \"transport: Error while dialing: dial tcp 172.16.12.148:7007: i/o timeout\"","endpoint":"dozzle-test:7007","deadline":"78ms","elapsed":0.163677,"time":"2026-04-10T14:43:22Z","message":"agent client host failed"}
dozzle-1  | {"level":"warn","version":"v10.3.0","error":"unknown code: Unavailable with rpc error: code = Unavailable desc = connection error: desc = \"transport: Error while dialing: dial tcp 172.16.12.148:7007: i/o timeout\"","caller":"docker.(*MultiHostService).ListAllContainers.func1","elapsed":0.240224,"time":"2026-04-10T14:43:22Z","message":"agent service host failed"}
dozzle-1  | {"level":"debug","version":"v10.3.0","error":"unknown code: Unavailable with rpc error: code = Unavailable desc = connection error: desc = \"transport: Error while dialing: dial tcp 172.16.12.148:7007: i/o timeout\"","host":"Test","time":"2026-04-10T14:43:22Z","message":"error listing containers"}
dozzle-1  | {"level":"warn","version":"v10.3.0","error":"unknown code: Unavailable with rpc error: code = Unavailable desc = connection error: desc = \"transport: Error while dialing: dial tcp 172.16.12.148:7007: i/o timeout\"","endpoint":"dozzle-test:7007","deadline":"97ms","elapsed":0.136207,"time":"2026-04-10T14:43:22Z","message":"agent client host failed"}
dozzle-1  | {"level":"warn","version":"v10.3.0","error":"unknown code: Unavailable with rpc error: code = Unavailable desc = connection error: desc = \"transport: Error while dialing: dial tcp 172.16.12.148:7007: i/o timeout\"","caller":"docker.(*MultiHostService).ListAllContainers.func1","elapsed":0.602017,"time":"2026-04-10T14:43:22Z","message":"agent service host failed"}
dozzle-1  | {"level":"debug","version":"v10.3.0","error":"unknown code: Unavailable with rpc error: code = Unavailable desc = connection error: desc = \"transport: Error while dialing: dial tcp 172.16.12.148:7007: i/o timeout\"","host":"Test","time":"2026-04-10T14:43:22Z","message":"error listing containers"}
dozzle-1  | {"level":"debug","version":"v10.3.0","labels":{},"caller":"docker.(*MultiHostService).ListAllContainers.func1","time":"2026-04-10T14:43:22Z","message":"agent service list containers started"}
dozzle-1  | {"level":"debug","version":"v10.3.0","labels":{},"caller":"docker.(*MultiHostService).ListAllContainers.func1","time":"2026-04-10T14:43:22Z","message":"agent service list containers started"}
dozzle-1  | {"level":"warn","version":"v10.3.0","error":"unknown code: Unavailable with rpc error: code = Unavailable desc = connection error: desc = \"transport: Error while dialing: dial tcp 172.16.12.148:7007: i/o timeout\"","endpoint":"dozzle-test:7007","labels":{},"deadline":"10s","elapsed":0.144967,"time":"2026-04-10T14:43:22Z","message":"agent client list containers failed"}
dozzle-1  | {"level":"warn","version":"v10.3.0","error":"unknown code: Unavailable with rpc error: code = Unavailable desc = connection error: desc = \"transport: Error while dialing: dial tcp 172.16.12.148:7007: i/o timeout\"","labels":{},"caller":"docker.(*MultiHostService).ListAllContainers.func1","elapsed":0.524998,"time":"2026-04-10T14:43:22Z","message":"agent service list containers failed"}
dozzle-1  | {"level":"warn","version":"v10.3.0","error":"unknown code: Unavailable with rpc error: code = Unavailable desc = connection error: desc = \"transport: Error while dialing: dial tcp 172.16.12.148:7007: i/o timeout\"","endpoint":"dozzle-test:7007","deadline":"9.999s","elapsed":0.084644,"time":"2026-04-10T14:43:22Z","message":"agent client host failed"}
dozzle-1  | {"level":"warn","version":"v10.3.0","error":"unknown code: Unavailable with rpc error: code = Unavailable desc = connection error: desc = \"transport: Error while dialing: dial tcp 172.16.12.148:7007: i/o timeout\"","caller":"docker.(*MultiHostService).ListAllContainers.func1","elapsed":0.15574,"time":"2026-04-10T14:43:22Z","message":"agent service host failed"}
dozzle-1  | {"level":"debug","version":"v10.3.0","error":"unknown code: Unavailable with rpc error: code = Unavailable desc = connection error: desc = \"transport: Error while dialing: dial tcp 172.16.12.148:7007: i/o timeout\"","host":"Test","time":"2026-04-10T14:43:22Z","message":"error listing containers"}
dozzle-1  | {"level":"debug","version":"v10.3.0","endpoint":"dozzle-release:7007","labels":{},"count":17,"deadline":"9.994s","elapsed":6.143423,"time":"2026-04-10T14:43:22Z","message":"agent client list containers completed"}
dozzle-1  | {"level":"debug","version":"v10.3.0","labels":{},"count":17,"caller":"docker.(*MultiHostService).ListAllContainers.func1","elapsed":6.349589,"time":"2026-04-10T14:43:22Z","message":"agent service list containers completed"}
dozzle-1  | {"level":"debug","version":"v10.3.0","labels":{},"caller":"docker.(*MultiHostService).ListAllContainers.func1","time":"2026-04-10T14:43:22Z","message":"agent service list containers started"}
dozzle-1  | {"level":"debug","version":"v10.3.0","labels":{},"caller":"docker.(*MultiHostService).ListAllContainers.func1","time":"2026-04-10T14:43:22Z","message":"agent service list containers started"}
dozzle-1  | {"level":"warn","version":"v10.3.0","error":"unknown code: Unavailable with rpc error: code = Unavailable desc = connection error: desc = \"transport: Error while dialing: dial tcp 172.16.12.148:7007: i/o timeout\"","endpoint":"dozzle-test:7007","labels":{},"deadline":"10s","elapsed":0.152484,"time":"2026-04-10T14:43:22Z","message":"agent client list containers failed"}
dozzle-1  | {"level":"warn","version":"v10.3.0","error":"unknown code: Unavailable with rpc error: code = Unavailable desc = connection error: desc = \"transport: Error while dialing: dial tcp 172.16.12.148:7007: i/o timeout\"","labels":{},"caller":"docker.(*MultiHostService).ListAllContainers.func1","elapsed":0.316924,"time":"2026-04-10T14:43:22Z","message":"agent service list containers failed"}
dozzle-1  | {"level":"warn","version":"v10.3.0","error":"unknown code: Unavailable with rpc error: code = Unavailable desc = connection error: desc = \"transport: Error while dialing: dial tcp 172.16.12.148:7007: i/o timeout\"","endpoint":"dozzle-test:7007","deadline":"10s","elapsed":0.084913,"time":"2026-04-10T14:43:22Z","message":"agent client host failed"}
dozzle-1  | {"level":"warn","version":"v10.3.0","error":"unknown code: Unavailable with rpc error: code = Unavailable desc = connection error: desc = \"transport: Error while dialing: dial tcp 172.16.12.148:7007: i/o timeout\"","caller":"docker.(*MultiHostService).ListAllContainers.func1","elapsed":0.170217,"time":"2026-04-10T14:43:22Z","message":"agent service host failed"}
dozzle-1  | {"level":"debug","version":"v10.3.0","error":"unknown code: Unavailable with rpc error: code = Unavailable desc = connection error: desc = \"transport: Error while dialing: dial tcp 172.16.12.148:7007: i/o timeout\"","host":"Test","time":"2026-04-10T14:43:22Z","message":"error listing containers"}
dozzle-1  | {"level":"debug","version":"v10.3.0","endpoint":"dozzle-release:7007","labels":{},"count":17,"deadline":"9.99s","elapsed":9.506712,"time":"2026-04-10T14:43:22Z","message":"agent client list containers completed"}
dozzle-1  | {"level":"debug","version":"v10.3.0","labels":{},"count":17,"caller":"docker.(*MultiHostService).ListAllContainers.func1","elapsed":9.638139,"time":"2026-04-10T14:43:22Z","message":"agent service list containers completed"}
dozzle-1  | {"level":"debug","version":"v10.3.0","labels":{},"caller":"docker.(*MultiHostService).ListAllContainers.func1","time":"2026-04-10T14:43:22Z","message":"agent service list containers started"}
dozzle-1  | {"level":"debug","version":"v10.3.0","labels":{},"caller":"docker.(*MultiHostService).ListAllContainers.func1","time":"2026-04-10T14:43:22Z","message":"agent service list containers started"}
dozzle-1  | {"level":"warn","version":"v10.3.0","error":"unknown code: Unavailable with rpc error: code = Unavailable desc = connection error: desc = \"transport: Error while dialing: dial tcp 172.16.12.148:7007: i/o timeout\"","endpoint":"dozzle-test:7007","labels":{},"deadline":"10s","elapsed":0.104997,"time":"2026-04-10T14:43:22Z","message":"agent client list containers failed"}
dozzle-1  | {"level":"warn","version":"v10.3.0","error":"unknown code: Unavailable with rpc error: code = Unavailable desc = connection error: desc = \"transport: Error while dialing: dial tcp 172.16.12.148:7007: i/o timeout\"","labels":{},"caller":"docker.(*MultiHostService).ListAllContainers.func1","elapsed":0.18365,"time":"2026-04-10T14:43:22Z","message":"agent service list containers failed"}
dozzle-1  | {"level":"warn","version":"v10.3.0","error":"unknown code: Unavailable with rpc error: code = Unavailable desc = connection error: desc = \"transport: Error while dialing: dial tcp 172.16.12.148:7007: i/o timeout\"","endpoint":"dozzle-test:7007","deadline":"10s","elapsed":0.019981,"time":"2026-04-10T14:43:22Z","message":"agent client host failed"}
dozzle-1  | {"level":"warn","version":"v10.3.0","error":"unknown code: Unavailable with rpc error: code = Unavailable desc = connection error: desc = \"transport: Error while dialing: dial tcp 172.16.12.148:7007: i/o timeout\"","caller":"docker.(*MultiHostService).ListAllContainers.func1","elapsed":0.035532,"time":"2026-04-10T14:43:22Z","message":"agent service host failed"}
dozzle-1  | {"level":"debug","version":"v10.3.0","error":"unknown code: Unavailable with rpc error: code = Unavailable desc = connection error: desc = \"transport: Error while dialing: dial tcp 172.16.12.148:7007: i/o timeout\"","host":"Test","time":"2026-04-10T14:43:22Z","message":"error listing containers"}
dozzle-1  | {"level":"debug","version":"v10.3.0","endpoint":"dozzle-release:7007","labels":{},"count":17,"deadline":"9.994s","elapsed":6.245071,"time":"2026-04-10T14:43:22Z","message":"agent client list containers completed"}
dozzle-1  | {"level":"debug","version":"v10.3.0","labels":{},"count":17,"caller":"docker.(*MultiHostService).ListAllContainers.func1","elapsed":6.374755,"time":"2026-04-10T14:43:22Z","message":"agent service list containers completed"}
dozzle-1  | {"level":"debug","version":"v10.3.0","labels":{},"caller":"docker.(*MultiHostService).ListAllContainers.func1","time":"2026-04-10T14:43:23Z","message":"agent service list containers started"}
dozzle-1  | {"level":"debug","version":"v10.3.0","labels":{},"caller":"docker.(*MultiHostService).ListAllContainers.func1","time":"2026-04-10T14:43:23Z","message":"agent service list containers started"}
dozzle-1  | {"level":"warn","version":"v10.3.0","error":"unknown code: Unavailable with rpc error: code = Unavailable desc = connection error: desc = \"transport: Error while dialing: dial tcp 172.16.12.148:7007: i/o timeout\"","endpoint":"dozzle-test:7007","labels":{},"deadline":"10s","elapsed":0.105183,"time":"2026-04-10T14:43:23Z","message":"agent client list containers failed"}
dozzle-1  | {"level":"warn","version":"v10.3.0","error":"unknown code: Unavailable with rpc error: code = Unavailable desc = connection error: desc = \"transport: Error while dialing: dial tcp 172.16.12.148:7007: i/o timeout\"","labels":{},"caller":"docker.(*MultiHostService).ListAllContainers.func1","elapsed":0.188427,"time":"2026-04-10T14:43:23Z","message":"agent service list containers failed"}
dozzle-1  | {"level":"warn","version":"v10.3.0","error":"unknown code: Unavailable with rpc error: code = Unavailable desc = connection error: desc = \"transport: Error while dialing: dial tcp 172.16.12.148:7007: i/o timeout\"","endpoint":"dozzle-test:7007","deadline":"10s","elapsed":0.020302,"time":"2026-04-10T14:43:23Z","message":"agent client host failed"}
dozzle-1  | {"level":"warn","version":"v10.3.0","error":"unknown code: Unavailable with rpc error: code = Unavailable desc = connection error: desc = \"transport: Error while dialing: dial tcp 172.16.12.148:7007: i/o timeout\"","caller":"docker.(*MultiHostService).ListAllContainers.func1","elapsed":0.033765,"time":"2026-04-10T14:43:23Z","message":"agent service host failed"}
dozzle-1  | {"level":"debug","version":"v10.3.0","error":"unknown code: Unavailable with rpc error: code = Unavailable desc = connection error: desc = \"transport: Error while dialing: dial tcp 172.16.12.148:7007: i/o timeout\"","host":"Test","time":"2026-04-10T14:43:23Z","message":"error listing containers"}
dozzle-1  | {"level":"debug","version":"v10.3.0","endpoint":"dozzle-release:7007","labels":{},"count":17,"deadline":"9.994s","elapsed":6.204816,"time":"2026-04-10T14:43:23Z","message":"agent client list containers completed"}
dozzle-1  | {"level":"debug","version":"v10.3.0","labels":{},"count":17,"caller":"docker.(*MultiHostService).ListAllContainers.func1","elapsed":6.388159,"time":"2026-04-10T14:43:23Z","message":"agent service list containers completed"}
dozzle-1  | {"level":"debug","version":"v10.3.0","labels":{},"caller":"docker.(*MultiHostService).ListAllContainers.func1","time":"2026-04-10T14:43:23Z","message":"agent service list containers started"}
dozzle-1  | {"level":"debug","version":"v10.3.0","labels":{},"caller":"docker.(*MultiHostService).ListAllContainers.func1","time":"2026-04-10T14:43:23Z","message":"agent service list containers started"}
dozzle-1  | {"level":"warn","version":"v10.3.0","error":"unknown code: Unavailable with rpc error: code = Unavailable desc = connection error: desc = \"transport: Error while dialing: dial tcp 172.16.12.148:7007: i/o timeout\"","endpoint":"dozzle-test:7007","labels":{},"deadline":"10s","elapsed":0.061752,"time":"2026-04-10T14:43:23Z","message":"agent client list containers failed"}
dozzle-1  | {"level":"warn","version":"v10.3.0","error":"unknown code: Unavailable with rpc error: code = Unavailable desc = connection error: desc = \"transport: Error while dialing: dial tcp 172.16.12.148:7007: i/o timeout\"","labels":{},"caller":"docker.(*MultiHostService).ListAllContainers.func1","elapsed":0.091053,"time":"2026-04-10T14:43:23Z","message":"agent service list containers failed"}
dozzle-1  | {"level":"debug","version":"v10.3.0","labels":{},"caller":"docker.(*MultiHostService).ListAllContainers.func1","time":"2026-04-10T14:43:23Z","message":"agent service list containers started"}
dozzle-1  | {"level":"warn","version":"v10.3.0","error":"unknown code: Unavailable with rpc error: code = Unavailable desc = connection error: desc = \"transport: Error while dialing: dial tcp 172.16.12.148:7007: i/o timeout\"","endpoint":"dozzle-test:7007","deadline":"10s","elapsed":0.019073,"time":"2026-04-10T14:43:23Z","message":"agent client host failed"}
dozzle-1  | {"level":"warn","version":"v10.3.0","error":"unknown code: Unavailable with rpc error: code = Unavailable desc = connection error: desc = \"transport: Error while dialing: dial tcp 172.16.12.148:7007: i/o timeout\"","caller":"docker.(*MultiHostService).ListAllContainers.func1","elapsed":0.03157,"time":"2026-04-10T14:43:23Z","message":"agent service host failed"}
dozzle-1  | {"level":"debug","version":"v10.3.0","error":"unknown code: Unavailable with rpc error: code = Unavailable desc = connection error: desc = \"transport: Error while dialing: dial tcp 172.16.12.148:7007: i/o timeout\"","host":"Test","time":"2026-04-10T14:43:23Z","message":"error listing containers"}
dozzle-1  | {"level":"debug","version":"v10.3.0","labels":{},"caller":"docker.(*MultiHostService).ListAllContainers.func1","time":"2026-04-10T14:43:23Z","message":"agent service list containers started"}
dozzle-1  | {"level":"warn","version":"v10.3.0","error":"unknown code: Unavailable with rpc error: code = Unavailable desc = connection error: desc = \"transport: Error while dialing: dial tcp 172.16.12.148:7007: i/o timeout\"","endpoint":"dozzle-test:7007","labels":{},"deadline":"10s","elapsed":0.264664,"time":"2026-04-10T14:43:23Z","message":"agent client list containers failed"}
dozzle-1  | {"level":"warn","version":"v10.3.0","error":"unknown code: Unavailable with rpc error: code = Unavailable desc = connection error: desc = \"transport: Error while dialing: dial tcp 172.16.12.148:7007: i/o timeout\"","labels":{},"caller":"docker.(*MultiHostService).ListAllContainers.func1","elapsed":0.445204,"time":"2026-04-10T14:43:23Z","message":"agent service list containers failed"}
dozzle-1  | {"level":"warn","version":"v10.3.0","error":"unknown code: Unavailable with rpc error: code = Unavailable desc = connection error: desc = \"transport: Error while dialing: dial tcp 172.16.12.148:7007: i/o timeout\"","endpoint":"dozzle-test:7007","deadline":"9.999s","elapsed":0.061033,"time":"2026-04-10T14:43:23Z","message":"agent client host failed"}
dozzle-1  | {"level":"warn","version":"v10.3.0","error":"unknown code: Unavailable with rpc error: code = Unavailable desc = connection error: desc = \"transport: Error while dialing: dial tcp 172.16.12.148:7007: i/o timeout\"","caller":"docker.(*MultiHostService).ListAllContainers.func1","elapsed":0.103937,"time":"2026-04-10T14:43:23Z","message":"agent service host failed"}
dozzle-1  | {"level":"debug","version":"v10.3.0","error":"unknown code: Unavailable with rpc error: code = Unavailable desc = connection error: desc = \"transport: Error while dialing: dial tcp 172.16.12.148:7007: i/o timeout\"","host":"Test","time":"2026-04-10T14:43:23Z","message":"error listing containers"}
dozzle-1  | {"level":"debug","version":"v10.3.0","endpoint":"dozzle-release:7007","labels":{},"count":17,"deadline":"9.994s","elapsed":6.280353,"time":"2026-04-10T14:43:23Z","message":"agent client list containers completed"}
dozzle-1  | {"level":"debug","version":"v10.3.0","labels":{},"count":17,"caller":"docker.(*MultiHostService).ListAllContainers.func1","elapsed":6.373552,"time":"2026-04-10T14:43:23Z","message":"agent service list containers completed"}
dozzle-1  | {"level":"debug","version":"v10.3.0","endpoint":"dozzle-release:7007","labels":{},"count":17,"deadline":"9.992s","elapsed":8.099544,"time":"2026-04-10T14:43:23Z","message":"agent client list containers completed"}
dozzle-1  | {"level":"debug","version":"v10.3.0","labels":{},"count":17,"caller":"docker.(*MultiHostService).ListAllContainers.func1","elapsed":8.376639,"time":"2026-04-10T14:43:23Z","message":"agent service list containers completed"}
dozzle-1  | {"level":"debug","version":"v10.3.0","labels":{},"caller":"docker.(*MultiHostService).ListAllContainers.func1","time":"2026-04-10T14:43:23Z","message":"agent service list containers started"}
dozzle-1  | {"level":"debug","version":"v10.3.0","clients":3,"failedAgents":0,"caller":"docker.(*MultiHostService).Hosts:320","deadline":"10s","time":"2026-04-10T14:43:23Z","message":"retriable manager hosts started"}
dozzle-1  | {"level":"debug","version":"v10.3.0","labels":{},"caller":"docker.(*MultiHostService).ListAllContainers.func1","time":"2026-04-10T14:43:23Z","message":"agent service list containers started"}
dozzle-1  | {"level":"debug","version":"v10.3.0","host":"Developer","time":"2026-04-10T14:43:23Z","message":"Fetching host"}
dozzle-1  | {"level":"warn","version":"v10.3.0","error":"unknown code: Unavailable with rpc error: code = Unavailable desc = connection error: desc = \"transport: Error while dialing: dial tcp 172.16.12.148:7007: i/o timeout\"","endpoint":"dozzle-test:7007","deadline":"9.999s","elapsed":0.077167,"time":"2026-04-10T14:43:23Z","message":"agent client host failed"}
dozzle-1  | {"level":"warn","version":"v10.3.0","error":"unknown code: Unavailable with rpc error: code = Unavailable desc = connection error: desc = \"transport: Error while dialing: dial tcp 172.16.12.148:7007: i/o timeout\"","caller":"docker.(*RetriableClientManager).Hosts.func1","elapsed":0.123836,"time":"2026-04-10T14:43:23Z","message":"agent service host failed"}
dozzle-1  | {"level":"warn","version":"v10.3.0","error":"unknown code: Unavailable with rpc error: code = Unavailable desc = connection error: desc = \"transport: Error while dialing: dial tcp 172.16.12.148:7007: i/o timeout\"","host":"Test","time":"2026-04-10T14:43:23Z","message":"error fetching host info for client"}
dozzle-1  | {"level":"warn","version":"v10.3.0","error":"unknown code: Unavailable with rpc error: code = Unavailable desc = connection error: desc = \"transport: Error while dialing: dial tcp 172.16.12.148:7007: i/o timeout\"","endpoint":"dozzle-test:7007","labels":{},"deadline":"9.999s","elapsed":0.713182,"time":"2026-04-10T14:43:23Z","message":"agent client list containers failed"}
dozzle-1  | {"level":"warn","version":"v10.3.0","error":"unknown code: Unavailable with rpc error: code = Unavailable desc = connection error: desc = \"transport: Error while dialing: dial tcp 172.16.12.148:7007: i/o timeout\"","labels":{},"caller":"docker.(*MultiHostService).ListAllContainers.func1","elapsed":0.935005,"time":"2026-04-10T14:43:23Z","message":"agent service list containers failed"}
dozzle-1  | {"level":"warn","version":"v10.3.0","error":"unknown code: Unavailable with rpc error: code = Unavailable desc = connection error: desc = \"transport: Error while dialing: dial tcp 172.16.12.148:7007: i/o timeout\"","endpoint":"dozzle-test:7007","deadline":"9.999s","elapsed":0.101213,"time":"2026-04-10T14:43:23Z","message":"agent client host failed"}
dozzle-1  | {"level":"warn","version":"v10.3.0","error":"unknown code: Unavailable with rpc error: code = Unavailable desc = connection error: desc = \"transport: Error while dialing: dial tcp 172.16.12.148:7007: i/o timeout\"","caller":"docker.(*MultiHostService).ListAllContainers.func1","elapsed":0.216024,"time":"2026-04-10T14:43:23Z","message":"agent service host failed"}
dozzle-1  | {"level":"debug","version":"v10.3.0","error":"unknown code: Unavailable with rpc error: code = Unavailable desc = connection error: desc = \"transport: Error while dialing: dial tcp 172.16.12.148:7007: i/o timeout\"","host":"Test","time":"2026-04-10T14:43:23Z","message":"error listing containers"}
dozzle-1  | {"level":"debug","version":"v10.3.0","endpoint":"dozzle-release:7007","host":"Release","deadline":"9.998s","elapsed":1.485713,"time":"2026-04-10T14:43:23Z","message":"agent client host completed"}
dozzle-1  | {"level":"debug","version":"v10.3.0","host":"Release","caller":"docker.(*RetriableClientManager).Hosts.func1","elapsed":1.563213,"time":"2026-04-10T14:43:23Z","message":"agent service host completed"}
dozzle-1  | {"level":"debug","version":"v10.3.0","hosts":3,"caller":"docker.(*MultiHostService).Hosts:320","elapsed":1.73553,"time":"2026-04-10T14:43:23Z","message":"retriable manager hosts completed"}
dozzle-1  | {"level":"debug","version":"v10.3.0","host":"yhjnfpu5h89b56sgrto5hxfe5","labels":{"name":["udg*"]},"caller":"web.(*handler).streamEvents.func1:54","timeout":"10s","time":"2026-04-10T14:43:23Z","message":"multi-host list containers started"}
dozzle-1  | {"level":"debug","version":"v10.3.0","labels":{"name":["udg*"]},"caller":"docker.(*MultiHostService).ListContainersForHost","time":"2026-04-10T14:43:23Z","message":"agent service list containers started"}
dozzle-1  | {"level":"debug","version":"v10.3.0","host":"y8xpwvsse1suk1y6fqwmfgip0","labels":{"name":["udg*"]},"caller":"web.(*handler).streamEvents.func1:54","timeout":"10s","time":"2026-04-10T14:43:23Z","message":"multi-host list containers started"}
dozzle-1  | {"level":"debug","version":"v10.3.0","labels":{"name":["udg*"]},"caller":"docker.(*MultiHostService).ListContainersForHost","time":"2026-04-10T14:43:23Z","message":"agent service list containers started"}
dozzle-1  | {"level":"debug","version":"v10.3.0","host":"y8qzagad6xykor1euqkjpbbly","labels":{"name":["udg*"]},"caller":"web.(*handler).streamEvents.func1:54","timeout":"10s","time":"2026-04-10T14:43:23Z","message":"multi-host list containers started"}
dozzle-1  | {"level":"debug","version":"v10.3.0","labels":{"name":["udg*"]},"host":"Developer","time":"2026-04-10T14:43:23Z","message":"Listing containers"}
dozzle-1  | {"level":"warn","version":"v10.3.0","error":"unknown code: Unavailable with rpc error: code = Unavailable desc = connection error: desc = \"transport: Error while dialing: dial tcp 172.16.12.148:7007: i/o timeout\"","endpoint":"dozzle-test:7007","labels":{"name":["udg*"]},"deadline":"10s","elapsed":0.131917,"time":"2026-04-10T14:43:23Z","message":"agent client list containers failed"}
dozzle-1  | {"level":"warn","version":"v10.3.0","error":"unknown code: Unavailable with rpc error: code = Unavailable desc = connection error: desc = \"transport: Error while dialing: dial tcp 172.16.12.148:7007: i/o timeout\"","labels":{"name":["udg*"]},"caller":"docker.(*MultiHostService).ListContainersForHost","elapsed":0.220294,"time":"2026-04-10T14:43:23Z","message":"agent service list containers failed"}
dozzle-1  | {"level":"warn","version":"v10.3.0","error":"unknown code: Unavailable with rpc error: code = Unavailable desc = connection error: desc = \"transport: Error while dialing: dial tcp 172.16.12.148:7007: i/o timeout\"","host":"yhjnfpu5h89b56sgrto5hxfe5","labels":{"name":["udg*"]},"caller":"web.(*handler).streamEvents.func1:54","elapsed":0.359127,"time":"2026-04-10T14:43:23Z","message":"multi-host list containers failed"}
dozzle-1  | {"level":"warn","version":"v10.3.0","error":"unknown code: Unavailable with rpc error: code = Unavailable desc = connection error: desc = \"transport: Error while dialing: dial tcp 172.16.12.148:7007: i/o timeout\"","host":"yhjnfpu5h89b56sgrto5hxfe5","time":"2026-04-10T14:43:23Z","message":"error listing containers for host during initial sync"}
dozzle-1  | {"level":"debug","version":"v10.3.0","clients":3,"failedAgents":0,"caller":"docker.(*MultiHostService).Hosts:320","deadline":"10s","time":"2026-04-10T14:43:23Z","message":"retriable manager hosts started"}
dozzle-1  | {"level":"warn","version":"v10.3.0","error":"unknown code: Unavailable with rpc error: code = Unavailable desc = connection error: desc = \"transport: Error while dialing: dial tcp 172.16.12.148:7007: i/o timeout\"","endpoint":"dozzle-test:7007","deadline":"10s","elapsed":0.087876,"time":"2026-04-10T14:43:23Z","message":"agent client host failed"}
dozzle-1  | {"level":"warn","version":"v10.3.0","error":"unknown code: Unavailable with rpc error: code = Unavailable desc = connection error: desc = \"transport: Error while dialing: dial tcp 172.16.12.148:7007: i/o timeout\"","caller":"docker.(*RetriableClientManager).Hosts.func1","elapsed":0.142957,"time":"2026-04-10T14:43:23Z","message":"agent service host failed"}
dozzle-1  | {"level":"warn","version":"v10.3.0","error":"unknown code: Unavailable with rpc error: code = Unavailable desc = connection error: desc = \"transport: Error while dialing: dial tcp 172.16.12.148:7007: i/o timeout\"","host":"Test","time":"2026-04-10T14:43:23Z","message":"error fetching host info for client"}
dozzle-1  | {"level":"debug","version":"v10.3.0","host":"Developer","time":"2026-04-10T14:43:23Z","message":"Fetching host"}
dozzle-1  | {"level":"debug","version":"v10.3.0","endpoint":"dozzle-release:7007","host":"Release","deadline":"9.998s","elapsed":2.119902,"time":"2026-04-10T14:43:23Z","message":"agent client host completed"}
dozzle-1  | {"level":"debug","version":"v10.3.0","host":"Release","caller":"docker.(*RetriableClientManager).Hosts.func1","elapsed":2.315581,"time":"2026-04-10T14:43:23Z","message":"agent service host completed"}
dozzle-1  | {"level":"debug","version":"v10.3.0","hosts":3,"caller":"docker.(*MultiHostService).Hosts:320","elapsed":2.664425,"time":"2026-04-10T14:43:23Z","message":"retriable manager hosts completed"}
dozzle-1  | {"level":"debug","version":"v10.3.0","clients":3,"failedAgents":0,"caller":"docker.(*MultiHostService).Hosts:320","deadline":"10s","time":"2026-04-10T14:43:23Z","message":"retriable manager hosts started"}
dozzle-1  | {"level":"debug","version":"v10.3.0","host":"Developer","time":"2026-04-10T14:43:23Z","message":"Fetching host"}
dozzle-1  | {"level":"debug","version":"v10.3.0","endpoint":"dozzle-release:7007","labels":{},"count":17,"deadline":"9.992s","elapsed":7.792852,"time":"2026-04-10T14:43:23Z","message":"agent client list containers completed"}
dozzle-1  | {"level":"debug","version":"v10.3.0","labels":{},"count":17,"caller":"docker.(*MultiHostService).ListAllContainers.func1","elapsed":7.884151,"time":"2026-04-10T14:43:23Z","message":"agent service list containers completed"}
dozzle-1  | {"level":"warn","version":"v10.3.0","error":"unknown code: Unavailable with rpc error: code = Unavailable desc = connection error: desc = \"transport: Error while dialing: dial tcp 172.16.12.148:7007: i/o timeout\"","endpoint":"dozzle-test:7007","deadline":"9.998s","elapsed":0.102741,"time":"2026-04-10T14:43:23Z","message":"agent client host failed"}
dozzle-1  | {"level":"warn","version":"v10.3.0","error":"unknown code: Unavailable with rpc error: code = Unavailable desc = connection error: desc = \"transport: Error while dialing: dial tcp 172.16.12.148:7007: i/o timeout\"","caller":"docker.(*RetriableClientManager).Hosts.func1","elapsed":0.174178,"time":"2026-04-10T14:43:23Z","message":"agent service host failed"}
dozzle-1  | {"level":"warn","version":"v10.3.0","error":"unknown code: Unavailable with rpc error: code = Unavailable desc = connection error: desc = \"transport: Error while dialing: dial tcp 172.16.12.148:7007: i/o timeout\"","host":"Test","time":"2026-04-10T14:43:23Z","message":"error fetching host info for client"}
dozzle-1  | {"level":"debug","version":"v10.3.0","host":"y8qzagad6xykor1euqkjpbbly","labels":{"name":["udg*"]},"count":2,"caller":"web.(*handler).streamEvents.func1:54","elapsed":8.59258,"time":"2026-04-10T14:43:23Z","message":"multi-host list containers completed"}
dozzle-1  | {"level":"debug","version":"v10.3.0","endpoint":"dozzle-release:7007","host":"Release","deadline":"9.996s","elapsed":2.708379,"time":"2026-04-10T14:43:23Z","message":"agent client host completed"}
dozzle-1  | {"level":"debug","version":"v10.3.0","host":"Release","caller":"docker.(*RetriableClientManager).Hosts.func1","elapsed":2.734531,"time":"2026-04-10T14:43:23Z","message":"agent service host completed"}
dozzle-1  | {"level":"debug","version":"v10.3.0","hosts":3,"caller":"docker.(*MultiHostService).Hosts:320","elapsed":4.145861,"time":"2026-04-10T14:43:23Z","message":"retriable manager hosts completed"}
dozzle-1  | {"level":"debug","version":"v10.3.0","endpoint":"dozzle-release:7007","labels":{"name":["udg*"]},"count":3,"deadline":"9.991s","elapsed":8.865834,"time":"2026-04-10T14:43:23Z","message":"agent client list containers completed"}
dozzle-1  | {"level":"debug","version":"v10.3.0","labels":{"name":["udg*"]},"count":3,"caller":"docker.(*MultiHostService).ListContainersForHost","elapsed":8.930645,"time":"2026-04-10T14:43:23Z","message":"agent service list containers completed"}
dozzle-1  | {"level":"debug","version":"v10.3.0","host":"y8xpwvsse1suk1y6fqwmfgip0","labels":{"name":["udg*"]},"count":3,"caller":"web.(*handler).streamEvents.func1:54","elapsed":9.104498,"time":"2026-04-10T14:43:23Z","message":"multi-host list containers completed"}
dozzle-1  | {"level":"debug","version":"v10.3.0","clients":3,"failedAgents":0,"caller":"docker.(*MultiHostService).Hosts:320","deadline":"10s","time":"2026-04-10T14:43:23Z","message":"retriable manager hosts started"}
dozzle-1  | {"level":"debug","version":"v10.3.0","host":"Developer","time":"2026-04-10T14:43:23Z","message":"Fetching host"}
dozzle-1  | {"level":"warn","version":"v10.3.0","error":"unknown code: Unavailable with rpc error: code = Unavailable desc = connection error: desc = \"transport: Error while dialing: dial tcp 172.16.12.148:7007: i/o timeout\"","endpoint":"dozzle-test:7007","deadline":"10s","elapsed":0.064172,"time":"2026-04-10T14:43:23Z","message":"agent client host failed"}
dozzle-1  | {"level":"warn","version":"v10.3.0","error":"unknown code: Unavailable with rpc error: code = Unavailable desc = connection error: desc = \"transport: Error while dialing: dial tcp 172.16.12.148:7007: i/o timeout\"","caller":"docker.(*RetriableClientManager).Hosts.func1","elapsed":0.101288,"time":"2026-04-10T14:43:23Z","message":"agent service host failed"}
dozzle-1  | {"level":"warn","version":"v10.3.0","error":"unknown code: Unavailable with rpc error: code = Unavailable desc = connection error: desc = \"transport: Error while dialing: dial tcp 172.16.12.148:7007: i/o timeout\"","host":"Test","time":"2026-04-10T14:43:23Z","message":"error fetching host info for client"}
dozzle-1  | {"level":"debug","version":"v10.3.0","endpoint":"dozzle-release:7007","host":"Release","deadline":"9.998s","elapsed":1.755451,"time":"2026-04-10T14:43:23Z","message":"agent client host completed"}
dozzle-1  | {"level":"debug","version":"v10.3.0","host":"Release","caller":"docker.(*RetriableClientManager).Hosts.func1","elapsed":1.833103,"time":"2026-04-10T14:43:23Z","message":"agent service host completed"}
dozzle-1  | {"level":"debug","version":"v10.3.0","hosts":3,"caller":"docker.(*MultiHostService).Hosts:320","elapsed":1.994608,"time":"2026-04-10T14:43:23Z","message":"retriable manager hosts completed"}
dozzle-1  | {"level":"debug","version":"v10.3.0","host":"yhjnfpu5h89b56sgrto5hxfe5","labels":{"name":["udg*"]},"caller":"web.(*handler).streamEvents.func1:54","timeout":"10s","time":"2026-04-10T14:43:23Z","message":"multi-host list containers started"}
dozzle-1  | {"level":"debug","version":"v10.3.0","labels":{"name":["udg*"]},"caller":"docker.(*MultiHostService).ListContainersForHost","time":"2026-04-10T14:43:23Z","message":"agent service list containers started"}
dozzle-1  | {"level":"debug","version":"v10.3.0","host":"y8xpwvsse1suk1y6fqwmfgip0","labels":{"name":["udg*"]},"caller":"web.(*handler).streamEvents.func1:54","timeout":"10s","time":"2026-04-10T14:43:23Z","message":"multi-host list containers started"}
dozzle-1  | {"level":"debug","version":"v10.3.0","labels":{"name":["udg*"]},"caller":"docker.(*MultiHostService).ListContainersForHost","time":"2026-04-10T14:43:23Z","message":"agent service list containers started"}
dozzle-1  | {"level":"warn","version":"v10.3.0","error":"unknown code: Unavailable with rpc error: code = Unavailable desc = connection error: desc = \"transport: Error while dialing: dial tcp 172.16.12.148:7007: i/o timeout\"","endpoint":"dozzle-test:7007","labels":{"name":["udg*"]},"deadline":"10s","elapsed":0.048863,"time":"2026-04-10T14:43:23Z","message":"agent client list containers failed"}
dozzle-1  | {"level":"warn","version":"v10.3.0","error":"unknown code: Unavailable with rpc error: code = Unavailable desc = connection error: desc = \"transport: Error while dialing: dial tcp 172.16.12.148:7007: i/o timeout\"","labels":{"name":["udg*"]},"caller":"docker.(*MultiHostService).ListContainersForHost","elapsed":0.087208,"time":"2026-04-10T14:43:23Z","message":"agent service list containers failed"}
dozzle-1  | {"level":"warn","version":"v10.3.0","error":"unknown code: Unavailable with rpc error: code = Unavailable desc = connection error: desc = \"transport: Error while dialing: dial tcp 172.16.12.148:7007: i/o timeout\"","host":"yhjnfpu5h89b56sgrto5hxfe5","labels":{"name":["udg*"]},"caller":"web.(*handler).streamEvents.func1:54","elapsed":0.150249,"time":"2026-04-10T14:43:23Z","message":"multi-host list containers failed"}
dozzle-1  | {"level":"debug","version":"v10.3.0","host":"y8qzagad6xykor1euqkjpbbly","labels":{"name":["udg*"]},"caller":"web.(*handler).streamEvents.func1:54","timeout":"10s","time":"2026-04-10T14:43:23Z","message":"multi-host list containers started"}
dozzle-1  | {"level":"debug","version":"v10.3.0","labels":{"name":["udg*"]},"host":"Developer","time":"2026-04-10T14:43:23Z","message":"Listing containers"}
dozzle-1  | {"level":"warn","version":"v10.3.0","error":"unknown code: Unavailable with rpc error: code = Unavailable desc = connection error: desc = \"transport: Error while dialing: dial tcp 172.16.12.148:7007: i/o timeout\"","host":"yhjnfpu5h89b56sgrto5hxfe5","time":"2026-04-10T14:43:23Z","message":"error listing containers for host during initial sync"}
dozzle-1  | {"level":"debug","version":"v10.3.0","clients":3,"failedAgents":0,"caller":"docker.(*MultiHostService).Hosts:320","deadline":"10s","time":"2026-04-10T14:43:23Z","message":"retriable manager hosts started"}
dozzle-1  | {"level":"debug","version":"v10.3.0","host":"Developer","time":"2026-04-10T14:43:23Z","message":"Fetching host"}
dozzle-1  | {"level":"warn","version":"v10.3.0","error":"unknown code: Unavailable with rpc error: code = Unavailable desc = connection error: desc = \"transport: Error while dialing: dial tcp 172.16.12.148:7007: i/o timeout\"","endpoint":"dozzle-test:7007","deadline":"10s","elapsed":0.055782,"time":"2026-04-10T14:43:23Z","message":"agent client host failed"}
dozzle-1  | {"level":"warn","version":"v10.3.0","error":"unknown code: Unavailable with rpc error: code = Unavailable desc = connection error: desc = \"transport: Error while dialing: dial tcp 172.16.12.148:7007: i/o timeout\"","caller":"docker.(*RetriableClientManager).Hosts.func1","elapsed":0.089533,"time":"2026-04-10T14:43:23Z","message":"agent service host failed"}
dozzle-1  | {"level":"warn","version":"v10.3.0","error":"unknown code: Unavailable with rpc error: code = Unavailable desc = connection error: desc = \"transport: Error while dialing: dial tcp 172.16.12.148:7007: i/o timeout\"","host":"Test","time":"2026-04-10T14:43:23Z","message":"error fetching host info for client"}
dozzle-1  | {"level":"debug","version":"v10.3.0","endpoint":"dozzle-release:7007","host":"Release","deadline":"9.999s","elapsed":1.093487,"time":"2026-04-10T14:43:23Z","message":"agent client host completed"}
dozzle-1  | {"level":"debug","version":"v10.3.0","host":"Release","caller":"docker.(*RetriableClientManager).Hosts.func1","elapsed":1.122748,"time":"2026-04-10T14:43:23Z","message":"agent service host completed"}
dozzle-1  | {"level":"debug","version":"v10.3.0","hosts":3,"caller":"docker.(*MultiHostService).Hosts:320","elapsed":1.259862,"time":"2026-04-10T14:43:23Z","message":"retriable manager hosts completed"}
dozzle-1  | {"level":"debug","version":"v10.3.0","clients":3,"failedAgents":0,"caller":"docker.(*MultiHostService).Hosts:320","deadline":"10s","time":"2026-04-10T14:43:23Z","message":"retriable manager hosts started"}
dozzle-1  | {"level":"debug","version":"v10.3.0","host":"Developer","time":"2026-04-10T14:43:23Z","message":"Fetching host"}
dozzle-1  | {"level":"warn","version":"v10.3.0","error":"unknown code: Unavailable with rpc error: code = Unavailable desc = connection error: desc = \"transport: Error while dialing: dial tcp 172.16.12.148:7007: i/o timeout\"","endpoint":"dozzle-test:7007","deadline":"10s","elapsed":0.050028,"time":"2026-04-10T14:43:23Z","message":"agent client host failed"}
dozzle-1  | {"level":"warn","version":"v10.3.0","error":"unknown code: Unavailable with rpc error: code = Unavailable desc = connection error: desc = \"transport: Error while dialing: dial tcp 172.16.12.148:7007: i/o timeout\"","caller":"docker.(*RetriableClientManager).Hosts.func1","elapsed":0.120074,"time":"2026-04-10T14:43:23Z","message":"agent service host failed"}
dozzle-1  | {"level":"warn","version":"v10.3.0","error":"unknown code: Unavailable with rpc error: code = Unavailable desc = connection error: desc = \"transport: Error while dialing: dial tcp 172.16.12.148:7007: i/o timeout\"","host":"Test","time":"2026-04-10T14:43:23Z","message":"error fetching host info for client"}
dozzle-1  | {"level":"debug","version":"v10.3.0","endpoint":"dozzle-release:7007","host":"Release","deadline":"9.999s","elapsed":0.68266,"time":"2026-04-10T14:43:23Z","message":"agent client host completed"}
dozzle-1  | {"level":"debug","version":"v10.3.0","host":"Release","caller":"docker.(*RetriableClientManager).Hosts.func1","elapsed":0.712474,"time":"2026-04-10T14:43:23Z","message":"agent service host completed"}
dozzle-1  | {"level":"debug","version":"v10.3.0","hosts":3,"caller":"docker.(*MultiHostService).Hosts:320","elapsed":0.776708,"time":"2026-04-10T14:43:23Z","message":"retriable manager hosts completed"}
dozzle-1  | {"level":"debug","version":"v10.3.0","endpoint":"dozzle-release:7007","labels":{"name":["udg*"]},"count":3,"deadline":"9.994s","elapsed":5.620899,"time":"2026-04-10T14:43:23Z","message":"agent client list containers completed"}
dozzle-1  | {"level":"debug","version":"v10.3.0","labels":{"name":["udg*"]},"count":3,"caller":"docker.(*MultiHostService).ListContainersForHost","elapsed":5.653449,"time":"2026-04-10T14:43:23Z","message":"agent service list containers completed"}
dozzle-1  | {"level":"debug","version":"v10.3.0","host":"y8xpwvsse1suk1y6fqwmfgip0","labels":{"name":["udg*"]},"count":3,"caller":"web.(*handler).streamEvents.func1:54","elapsed":5.729582,"time":"2026-04-10T14:43:23Z","message":"multi-host list containers completed"}
dozzle-1  | {"level":"debug","version":"v10.3.0","host":"y8qzagad6xykor1euqkjpbbly","labels":{"name":["udg*"]},"count":2,"caller":"web.(*handler).streamEvents.func1:54","elapsed":6.948158,"time":"2026-04-10T14:43:23Z","message":"multi-host list containers completed"}
dozzle-1  | {"level":"debug","version":"v10.3.0","clients":3,"failedAgents":0,"caller":"docker.(*MultiHostService).Hosts:320","deadline":"10s","time":"2026-04-10T14:43:23Z","message":"retriable manager hosts started"}
dozzle-1  | {"level":"debug","version":"v10.3.0","host":"Developer","time":"2026-04-10T14:43:23Z","message":"Fetching host"}
dozzle-1  | {"level":"warn","version":"v10.3.0","error":"unknown code: Unavailable with rpc error: code = Unavailable desc = connection error: desc = \"transport: Error while dialing: dial tcp 172.16.12.148:7007: i/o timeout\"","endpoint":"dozzle-test:7007","deadline":"10s","elapsed":0.038983,"time":"2026-04-10T14:43:23Z","message":"agent client host failed"}
dozzle-1  | {"level":"warn","version":"v10.3.0","error":"unknown code: Unavailable with rpc error: code = Unavailable desc = connection error: desc = \"transport: Error while dialing: dial tcp 172.16.12.148:7007: i/o timeout\"","caller":"docker.(*RetriableClientManager).Hosts.func1","elapsed":0.063279,"time":"2026-04-10T14:43:23Z","message":"agent service host failed"}
dozzle-1  | {"level":"warn","version":"v10.3.0","error":"unknown code: Unavailable with rpc error: code = Unavailable desc = connection error: desc = \"transport: Error while dialing: dial tcp 172.16.12.148:7007: i/o timeout\"","host":"Test","time":"2026-04-10T14:43:23Z","message":"error fetching host info for client"}
dozzle-1  | {"level":"debug","version":"v10.3.0","endpoint":"dozzle-release:7007","host":"Release","deadline":"9.998s","elapsed":1.572664,"time":"2026-04-10T14:43:23Z","message":"agent client host completed"}
dozzle-1  | {"level":"debug","version":"v10.3.0","host":"Release","caller":"docker.(*RetriableClientManager).Hosts.func1","elapsed":1.600139,"time":"2026-04-10T14:43:23Z","message":"agent service host completed"}
dozzle-1  | {"level":"debug","version":"v10.3.0","hosts":3,"caller":"docker.(*MultiHostService).Hosts:320","elapsed":1.843983,"time":"2026-04-10T14:43:23Z","message":"retriable manager hosts completed"}
dozzle-1  | {"level":"debug","version":"v10.3.0","host":"y8xpwvsse1suk1y6fqwmfgip0","labels":{"name":["udg*"]},"caller":"web.(*handler).streamEvents.func1:54","timeout":"10s","time":"2026-04-10T14:43:23Z","message":"multi-host list containers started"}
dozzle-1  | {"level":"debug","version":"v10.3.0","labels":{"name":["udg*"]},"caller":"docker.(*MultiHostService).ListContainersForHost","time":"2026-04-10T14:43:23Z","message":"agent service list containers started"}
dozzle-1  | {"level":"debug","version":"v10.3.0","host":"yhjnfpu5h89b56sgrto5hxfe5","labels":{"name":["udg*"]},"caller":"web.(*handler).streamEvents.func1:54","timeout":"10s","time":"2026-04-10T14:43:23Z","message":"multi-host list containers started"}
dozzle-1  | {"level":"debug","version":"v10.3.0","labels":{"name":["udg*"]},"caller":"docker.(*MultiHostService).ListContainersForHost","time":"2026-04-10T14:43:23Z","message":"agent service list containers started"}
dozzle-1  | {"level":"warn","version":"v10.3.0","error":"unknown code: Unavailable with rpc error: code = Unavailable desc = connection error: desc = \"transport: Error while dialing: dial tcp 172.16.12.148:7007: i/o timeout\"","endpoint":"dozzle-test:7007","labels":{"name":["udg*"]},"deadline":"10s","elapsed":0.059541,"time":"2026-04-10T14:43:23Z","message":"agent client list containers failed"}
dozzle-1  | {"level":"warn","version":"v10.3.0","error":"unknown code: Unavailable with rpc error: code = Unavailable desc = connection error: desc = \"transport: Error while dialing: dial tcp 172.16.12.148:7007: i/o timeout\"","labels":{"name":["udg*"]},"caller":"docker.(*MultiHostService).ListContainersForHost","elapsed":0.105547,"time":"2026-04-10T14:43:23Z","message":"agent service list containers failed"}
dozzle-1  | {"level":"warn","version":"v10.3.0","error":"unknown code: Unavailable with rpc error: code = Unavailable desc = connection error: desc = \"transport: Error while dialing: dial tcp 172.16.12.148:7007: i/o timeout\"","host":"yhjnfpu5h89b56sgrto5hxfe5","labels":{"name":["udg*"]},"caller":"web.(*handler).streamEvents.func1:54","elapsed":0.200357,"time":"2026-04-10T14:43:23Z","message":"multi-host list containers failed"}
dozzle-1  | {"level":"debug","version":"v10.3.0","host":"y8qzagad6xykor1euqkjpbbly","labels":{"name":["udg*"]},"caller":"web.(*handler).streamEvents.func1:54","timeout":"10s","time":"2026-04-10T14:43:23Z","message":"multi-host list containers started"}
dozzle-1  | {"level":"debug","version":"v10.3.0","labels":{"name":["udg*"]},"host":"Developer","time":"2026-04-10T14:43:23Z","message":"Listing containers"}
dozzle-1  | {"level":"warn","version":"v10.3.0","error":"unknown code: Unavailable with rpc error: code = Unavailable desc = connection error: desc = \"transport: Error while dialing: dial tcp 172.16.12.148:7007: i/o timeout\"","host":"yhjnfpu5h89b56sgrto5hxfe5","time":"2026-04-10T14:43:23Z","message":"error listing containers for host during initial sync"}
dozzle-1  | {"level":"debug","version":"v10.3.0","clients":3,"failedAgents":0,"caller":"docker.(*MultiHostService).Hosts:320","deadline":"10s","time":"2026-04-10T14:43:23Z","message":"retriable manager hosts started"}
dozzle-1  | {"level":"debug","version":"v10.3.0","host":"Developer","time":"2026-04-10T14:43:23Z","message":"Fetching host"}
dozzle-1  | {"level":"warn","version":"v10.3.0","error":"unknown code: Unavailable with rpc error: code = Unavailable desc = connection error: desc = \"transport: Error while dialing: dial tcp 172.16.12.148:7007: i/o timeout\"","endpoint":"dozzle-test:7007","deadline":"10s","elapsed":0.035249,"time":"2026-04-10T14:43:23Z","message":"agent client host failed"}
dozzle-1  | {"level":"warn","version":"v10.3.0","error":"unknown code: Unavailable with rpc error: code = Unavailable desc = connection error: desc = \"transport: Error while dialing: dial tcp 172.16.12.148:7007: i/o timeout\"","caller":"docker.(*RetriableClientManager).Hosts.func1","elapsed":0.052997,"time":"2026-04-10T14:43:23Z","message":"agent service host failed"}
dozzle-1  | {"level":"warn","version":"v10.3.0","error":"unknown code: Unavailable with rpc error: code = Unavailable desc = connection error: desc = \"transport: Error while dialing: dial tcp 172.16.12.148:7007: i/o timeout\"","host":"Test","time":"2026-04-10T14:43:23Z","message":"error fetching host info for client"}
dozzle-1  | {"level":"debug","version":"v10.3.0","endpoint":"dozzle-release:7007","host":"Release","deadline":"9.999s","elapsed":1.194877,"time":"2026-04-10T14:43:23Z","message":"agent client host completed"}
dozzle-1  | {"level":"debug","version":"v10.3.0","host":"Release","caller":"docker.(*RetriableClientManager).Hosts.func1","elapsed":1.218174,"time":"2026-04-10T14:43:23Z","message":"agent service host completed"}
dozzle-1  | {"level":"debug","version":"v10.3.0","hosts":3,"caller":"docker.(*MultiHostService).Hosts:320","elapsed":1.272194,"time":"2026-04-10T14:43:23Z","message":"retriable manager hosts completed"}
dozzle-1  | {"level":"debug","version":"v10.3.0","clients":3,"failedAgents":0,"caller":"docker.(*MultiHostService).Hosts:320","deadline":"10s","time":"2026-04-10T14:43:23Z","message":"retriable manager hosts started"}
dozzle-1  | {"level":"debug","version":"v10.3.0","host":"Developer","time":"2026-04-10T14:43:23Z","message":"Fetching host"}
dozzle-1  | {"level":"warn","version":"v10.3.0","error":"unknown code: Unavailable with rpc error: code = Unavailable desc = connection error: desc = \"transport: Error while dialing: dial tcp 172.16.12.148:7007: i/o timeout\"","endpoint":"dozzle-test:7007","deadline":"10s","elapsed":0.084515,"time":"2026-04-10T14:43:23Z","message":"agent client host failed"}
dozzle-1  | {"level":"warn","version":"v10.3.0","error":"unknown code: Unavailable with rpc error: code = Unavailable desc = connection error: desc = \"transport: Error while dialing: dial tcp 172.16.12.148:7007: i/o timeout\"","caller":"docker.(*RetriableClientManager).Hosts.func1","elapsed":0.108435,"time":"2026-04-10T14:43:23Z","message":"agent service host failed"}
dozzle-1  | {"level":"warn","version":"v10.3.0","error":"unknown code: Unavailable with rpc error: code = Unavailable desc = connection error: desc = \"transport: Error while dialing: dial tcp 172.16.12.148:7007: i/o timeout\"","host":"Test","time":"2026-04-10T14:43:23Z","message":"error fetching host info for client"}
dozzle-1  | {"level":"debug","version":"v10.3.0","endpoint":"dozzle-release:7007","host":"Release","deadline":"9.999s","elapsed":1.017725,"time":"2026-04-10T14:43:23Z","message":"agent client host completed"}
dozzle-1  | {"level":"debug","version":"v10.3.0","host":"Release","caller":"docker.(*RetriableClientManager).Hosts.func1","elapsed":1.051635,"time":"2026-04-10T14:43:23Z","message":"agent service host completed"}
dozzle-1  | {"level":"debug","version":"v10.3.0","hosts":3,"caller":"docker.(*MultiHostService).Hosts:320","elapsed":1.119665,"time":"2026-04-10T14:43:23Z","message":"retriable manager hosts completed"}
dozzle-1  | {"level":"debug","version":"v10.3.0","endpoint":"dozzle-release:7007","labels":{"name":["udg*"]},"count":3,"deadline":"9.995s","elapsed":5.161896,"time":"2026-04-10T14:43:23Z","message":"agent client list containers completed"}
dozzle-1  | {"level":"debug","version":"v10.3.0","labels":{"name":["udg*"]},"count":3,"caller":"docker.(*MultiHostService).ListContainersForHost","elapsed":5.209159,"time":"2026-04-10T14:43:23Z","message":"agent service list containers completed"}
dozzle-1  | {"level":"debug","version":"v10.3.0","host":"y8xpwvsse1suk1y6fqwmfgip0","labels":{"name":["udg*"]},"count":3,"caller":"web.(*handler).streamEvents.func1:54","elapsed":5.276107,"time":"2026-04-10T14:43:23Z","message":"multi-host list containers completed"}
dozzle-1  | {"level":"debug","version":"v10.3.0","host":"y8qzagad6xykor1euqkjpbbly","labels":{"name":["udg*"]},"count":2,"caller":"web.(*handler).streamEvents.func1:54","elapsed":6.954925,"time":"2026-04-10T14:43:23Z","message":"multi-host list containers completed"}
dozzle-1  | {"level":"debug","version":"v10.3.0","host":"y8qzagad6xykor1euqkjpbbly","container":"062693dc2ab0","labels":{"name":["udg*"]},"caller":"web.(*handler).streamContainerLogs:252","timeout":"10s","time":"2026-04-10T14:43:23Z","message":"multi-host find container started"}
dozzle-1  | {"level":"debug","version":"v10.3.0","labels":{"name":["udg*"]},"host":"Developer","time":"2026-04-10T14:43:23Z","message":"Listing containers"}
dozzle-1  | {"level":"debug","version":"v10.3.0","host":"y8qzagad6xykor1euqkjpbbly","container":"062693dc2ab0","caller":"web.(*handler).streamContainerLogs:252","elapsed":3.266715,"time":"2026-04-10T14:43:23Z","message":"multi-host find container completed"}
dozzle-1  | {"level":"debug","version":"v10.3.0","labels":{"name":["udg*"]},"caller":"docker.(*MultiHostService).ListAllContainers.func1","time":"2026-04-10T14:43:23Z","message":"agent service list containers started"}
dozzle-1  | {"level":"debug","version":"v10.3.0","labels":{"name":["udg*"]},"host":"Developer","time":"2026-04-10T14:43:23Z","message":"Listing containers"}
dozzle-1  | {"level":"warn","version":"v10.3.0","error":"unknown code: Unavailable with rpc error: code = Unavailable desc = connection error: desc = \"transport: Error while dialing: dial tcp 172.16.12.148:7007: i/o timeout\"","endpoint":"dozzle-test:7007","labels":{"name":["udg*"]},"deadline":"10s","elapsed":0.067713,"time":"2026-04-10T14:43:23Z","message":"agent client list containers failed"}
dozzle-1  | {"level":"warn","version":"v10.3.0","error":"unknown code: Unavailable with rpc error: code = Unavailable desc = connection error: desc = \"transport: Error while dialing: dial tcp 172.16.12.148:7007: i/o timeout\"","labels":{"name":["udg*"]},"caller":"docker.(*MultiHostService).ListAllContainers.func1","elapsed":0.133508,"time":"2026-04-10T14:43:23Z","message":"agent service list containers failed"}
dozzle-1  | {"level":"debug","version":"v10.3.0","labels":{"name":["udg*"]},"caller":"docker.(*MultiHostService).ListAllContainers.func1","time":"2026-04-10T14:43:23Z","message":"agent service list containers started"}
dozzle-1  | {"level":"warn","version":"v10.3.0","error":"unknown code: Unavailable with rpc error: code = Unavailable desc = connection error: desc = \"transport: Error while dialing: dial tcp 172.16.12.148:7007: i/o timeout\"","endpoint":"dozzle-test:7007","deadline":"10s","elapsed":0.019763,"time":"2026-04-10T14:43:23Z","message":"agent client host failed"}
dozzle-1  | {"level":"warn","version":"v10.3.0","error":"unknown code: Unavailable with rpc error: code = Unavailable desc = connection error: desc = \"transport: Error while dialing: dial tcp 172.16.12.148:7007: i/o timeout\"","caller":"docker.(*MultiHostService).ListAllContainers.func1","elapsed":0.176343,"time":"2026-04-10T14:43:23Z","message":"agent service host failed"}
dozzle-1  | {"level":"debug","version":"v10.3.0","error":"unknown code: Unavailable with rpc error: code = Unavailable desc = connection error: desc = \"transport: Error while dialing: dial tcp 172.16.12.148:7007: i/o timeout\"","host":"Test","time":"2026-04-10T14:43:23Z","message":"error listing containers"}
dozzle-1  | {"level":"debug","version":"v10.3.0","endpoint":"dozzle-release:7007","labels":{"name":["udg*"]},"count":3,"deadline":"9.993s","elapsed":6.394667,"time":"2026-04-10T14:43:23Z","message":"agent client list containers completed"}
dozzle-1  | {"level":"debug","version":"v10.3.0","labels":{"name":["udg*"]},"count":3,"caller":"docker.(*MultiHostService).ListAllContainers.func1","elapsed":6.630554,"time":"2026-04-10T14:43:23Z","message":"agent service list containers completed"}
dozzle-1  | {"level":"warn","version":"v10.3.0","error":"host yhjnfpu5h89b56sgrto5hxfe5 unavailable: unknown code: Unavailable with rpc error: code = Unavailable desc = connection error: desc = \"transport: Error while dialing: dial tcp 172.16.12.148:7007: i/o timeout\"","time":"2026-04-10T14:43:23Z","message":"error while listing containers"}
dozzle-1  | {"level":"debug","version":"v10.3.0","host":"y8qzagad6xykor1euqkjpbbly","container":"062693dc2ab0","labels":{"name":["udg*"]},"caller":"web.(*handler).streamLogsForContainers.func2:424","timeout":"10s","time":"2026-04-10T14:43:23Z","message":"multi-host find container started"}
dozzle-1  | {"level":"debug","version":"v10.3.0","labels":{"name":["udg*"]},"host":"Developer","time":"2026-04-10T14:43:23Z","message":"Listing containers"}
dozzle-1  | {"level":"debug","version":"v10.3.0","labels":{},"caller":"docker.(*MultiHostService).ListAllContainers.func1","time":"2026-04-10T14:43:23Z","message":"agent service list containers started"}
dozzle-1  | {"level":"debug","version":"v10.3.0","labels":{},"caller":"docker.(*MultiHostService).ListAllContainers.func1","time":"2026-04-10T14:43:23Z","message":"agent service list containers started"}
dozzle-1  | {"level":"warn","version":"v10.3.0","error":"unknown code: Unavailable with rpc error: code = Unavailable desc = connection error: desc = \"transport: Error while dialing: dial tcp 172.16.12.148:7007: i/o timeout\"","endpoint":"dozzle-test:7007","labels":{},"deadline":"10s","elapsed":0.065997,"time":"2026-04-10T14:43:23Z","message":"agent client list containers failed"}
dozzle-1  | {"level":"warn","version":"v10.3.0","error":"unknown code: Unavailable with rpc error: code = Unavailable desc = connection error: desc = \"transport: Error while dialing: dial tcp 172.16.12.148:7007: i/o timeout\"","labels":{},"caller":"docker.(*MultiHostService).ListAllContainers.func1","elapsed":0.138179,"time":"2026-04-10T14:43:23Z","message":"agent service list containers failed"}
dozzle-1  | {"level":"warn","version":"v10.3.0","error":"unknown code: Unavailable with rpc error: code = Unavailable desc = connection error: desc = \"transport: Error while dialing: dial tcp 172.16.12.148:7007: i/o timeout\"","endpoint":"dozzle-test:7007","deadline":"10s","elapsed":0.059545,"time":"2026-04-10T14:43:23Z","message":"agent client host failed"}
dozzle-1  | {"level":"warn","version":"v10.3.0","error":"unknown code: Unavailable with rpc error: code = Unavailable desc = connection error: desc = \"transport: Error while dialing: dial tcp 172.16.12.148:7007: i/o timeout\"","caller":"docker.(*MultiHostService).ListAllContainers.func1","elapsed":0.094089,"time":"2026-04-10T14:43:23Z","message":"agent service host failed"}
dozzle-1  | {"level":"debug","version":"v10.3.0","error":"unknown code: Unavailable with rpc error: code = Unavailable desc = connection error: desc = \"transport: Error while dialing: dial tcp 172.16.12.148:7007: i/o timeout\"","host":"Test","time":"2026-04-10T14:43:23Z","message":"error listing containers"}
dozzle-1  | {"level":"debug","version":"v10.3.0","host":"y8qzagad6xykor1euqkjpbbly","container":"062693dc2ab0","caller":"web.(*handler).streamLogsForContainers.func2:424","elapsed":2.946579,"time":"2026-04-10T14:43:23Z","message":"multi-host find container completed"}
dozzle-1  | {"level":"debug","version":"v10.3.0","id":"062693dc2ab0","since":"2026-04-10T11:34:17Z","stdType":"all","host":"Developer","time":"2026-04-10T14:43:23Z","message":"Streaming logs for container"}
dozzle-1  | {"level":"debug","version":"v10.3.0","endpoint":"dozzle-release:7007","labels":{},"count":17,"deadline":"9.995s","elapsed":4.997023,"time":"2026-04-10T14:43:23Z","message":"agent client list containers completed"}
dozzle-1  | {"level":"debug","version":"v10.3.0","labels":{},"count":17,"caller":"docker.(*MultiHostService).ListAllContainers.func1","elapsed":5.111084,"time":"2026-04-10T14:43:23Z","message":"agent service list containers completed"}
dozzle-1  | {"level":"debug","version":"v10.3.0","allocated":"25 MB","totalAllocated":"56 MB","system":"42 MB","routines":119,"time":"2026-04-10T14:43:24Z","message":"runtime mem stats"}
dozzle-1  | {"level":"debug","version":"v10.3.0","host":"y8qzagad6xykor1euqkjpbbly","container":"062693dc2ab0","labels":{"name":["udg*"]},"caller":"web.(*handler).streamContainerLogs:252","timeout":"10s","time":"2026-04-10T14:43:24Z","message":"multi-host find container started"}
dozzle-1  | {"level":"debug","version":"v10.3.0","labels":{"name":["udg*"]},"host":"Developer","time":"2026-04-10T14:43:24Z","message":"Listing containers"}
dozzle-1  | {"level":"debug","version":"v10.3.0","host":"y8qzagad6xykor1euqkjpbbly","container":"062693dc2ab0","caller":"web.(*handler).streamContainerLogs:252","elapsed":3.432211,"time":"2026-04-10T14:43:24Z","message":"multi-host find container completed"}
dozzle-1  | {"level":"debug","version":"v10.3.0","labels":{"name":["udg*"]},"host":"Developer","time":"2026-04-10T14:43:24Z","message":"Listing containers"}
dozzle-1  | {"level":"debug","version":"v10.3.0","labels":{"name":["udg*"]},"caller":"docker.(*MultiHostService).ListAllContainers.func1","time":"2026-04-10T14:43:24Z","message":"agent service list containers started"}
dozzle-1  | {"level":"debug","version":"v10.3.0","labels":{"name":["udg*"]},"caller":"docker.(*MultiHostService).ListAllContainers.func1","time":"2026-04-10T14:43:24Z","message":"agent service list containers started"}
dozzle-1  | {"level":"warn","version":"v10.3.0","error":"unknown code: Unavailable with rpc error: code = Unavailable desc = connection error: desc = \"transport: Error while dialing: dial tcp 172.16.12.148:7007: i/o timeout\"","endpoint":"dozzle-test:7007","labels":{"name":["udg*"]},"deadline":"10s","elapsed":0.093677,"time":"2026-04-10T14:43:24Z","message":"agent client list containers failed"}
dozzle-1  | {"level":"warn","version":"v10.3.0","error":"unknown code: Unavailable with rpc error: code = Unavailable desc = connection error: desc = \"transport: Error while dialing: dial tcp 172.16.12.148:7007: i/o timeout\"","labels":{"name":["udg*"]},"caller":"docker.(*MultiHostService).ListAllContainers.func1","elapsed":0.182622,"time":"2026-04-10T14:43:24Z","message":"agent service list containers failed"}
dozzle-1  | {"level":"warn","version":"v10.3.0","error":"unknown code: Unavailable with rpc error: code = Unavailable desc = connection error: desc = \"transport: Error while dialing: dial tcp 172.16.12.148:7007: i/o timeout\"","endpoint":"dozzle-test:7007","deadline":"10s","elapsed":0.044327,"time":"2026-04-10T14:43:24Z","message":"agent client host failed"}
dozzle-1  | {"level":"warn","version":"v10.3.0","error":"unknown code: Unavailable with rpc error: code = Unavailable desc = connection error: desc = \"transport: Error while dialing: dial tcp 172.16.12.148:7007: i/o timeout\"","caller":"docker.(*MultiHostService).ListAllContainers.func1","elapsed":0.076895,"time":"2026-04-10T14:43:24Z","message":"agent service host failed"}
dozzle-1  | {"level":"debug","version":"v10.3.0","error":"unknown code: Unavailable with rpc error: code = Unavailable desc = connection error: desc = \"transport: Error while dialing: dial tcp 172.16.12.148:7007: i/o timeout\"","host":"Test","time":"2026-04-10T14:43:24Z","message":"error listing containers"}
dozzle-1  | {"level":"debug","version":"v10.3.0","endpoint":"dozzle-release:7007","labels":{"name":["udg*"]},"count":3,"deadline":"9.994s","elapsed":5.856402,"time":"2026-04-10T14:43:24Z","message":"agent client list containers completed"}
dozzle-1  | {"level":"debug","version":"v10.3.0","labels":{"name":["udg*"]},"count":3,"caller":"docker.(*MultiHostService).ListAllContainers.func1","elapsed":6.053318,"time":"2026-04-10T14:43:24Z","message":"agent service list containers completed"}
dozzle-1  | {"level":"warn","version":"v10.3.0","error":"host yhjnfpu5h89b56sgrto5hxfe5 unavailable: unknown code: Unavailable with rpc error: code = Unavailable desc = connection error: desc = \"transport: Error while dialing: dial tcp 172.16.12.148:7007: i/o timeout\"","time":"2026-04-10T14:43:24Z","message":"error while listing containers"}
dozzle-1  | {"level":"debug","version":"v10.3.0","host":"y8qzagad6xykor1euqkjpbbly","container":"062693dc2ab0","labels":{"name":["udg*"]},"caller":"web.(*handler).streamLogsForContainers.func2:424","timeout":"10s","time":"2026-04-10T14:43:24Z","message":"multi-host find container started"}
dozzle-1  | {"level":"debug","version":"v10.3.0","labels":{"name":["udg*"]},"host":"Developer","time":"2026-04-10T14:43:24Z","message":"Listing containers"}
dozzle-1  | {"level":"debug","version":"v10.3.0","host":"y8qzagad6xykor1euqkjpbbly","container":"062693dc2ab0","caller":"web.(*handler).streamLogsForContainers.func2:424","elapsed":3.284344,"time":"2026-04-10T14:43:24Z","message":"multi-host find container completed"}
dozzle-1  | {"level":"debug","version":"v10.3.0","id":"062693dc2ab0","since":"2026-04-10T11:34:17Z","stdType":"all","host":"Developer","time":"2026-04-10T14:43:24Z","message":"Streaming logs for container"}
dozzle-1  | {"level":"debug","version":"v10.3.0","hit":false,"data":"[]releases.Release","time":"2026-04-10T14:43:24Z","message":"Cache hit"}
dozzle-1  | {"level":"debug","version":"v10.3.0","clients":3,"failedAgents":0,"caller":"docker.(*MultiHostService).Hosts:320","deadline":"10s","time":"2026-04-10T14:43:24Z","message":"retriable manager hosts started"}
dozzle-1  | {"level":"debug","version":"v10.3.0","host":"Developer","time":"2026-04-10T14:43:24Z","message":"Fetching host"}
dozzle-1  | {"level":"warn","version":"v10.3.0","error":"unknown code: Unavailable with rpc error: code = Unavailable desc = connection error: desc = \"transport: Error while dialing: dial tcp 172.16.12.148:7007: i/o timeout\"","endpoint":"dozzle-test:7007","deadline":"10s","elapsed":0.0432,"time":"2026-04-10T14:43:24Z","message":"agent client host failed"}
dozzle-1  | {"level":"warn","version":"v10.3.0","error":"unknown code: Unavailable with rpc error: code = Unavailable desc = connection error: desc = \"transport: Error while dialing: dial tcp 172.16.12.148:7007: i/o timeout\"","caller":"docker.(*RetriableClientManager).Hosts.func1","elapsed":0.066119,"time":"2026-04-10T14:43:24Z","message":"agent service host failed"}
dozzle-1  | {"level":"warn","version":"v10.3.0","error":"unknown code: Unavailable with rpc error: code = Unavailable desc = connection error: desc = \"transport: Error while dialing: dial tcp 172.16.12.148:7007: i/o timeout\"","host":"Test","time":"2026-04-10T14:43:24Z","message":"error fetching host info for client"}
dozzle-1  | {"level":"debug","version":"v10.3.0","endpoint":"dozzle-release:7007","host":"Release","deadline":"9.998s","elapsed":2.150215,"time":"2026-04-10T14:43:24Z","message":"agent client host completed"}
dozzle-1  | {"level":"debug","version":"v10.3.0","host":"Release","caller":"docker.(*RetriableClientManager).Hosts.func1","elapsed":2.248047,"time":"2026-04-10T14:43:24Z","message":"agent service host completed"}
dozzle-1  | {"level":"debug","version":"v10.3.0","hosts":3,"caller":"docker.(*MultiHostService).Hosts:320","elapsed":2.368819,"time":"2026-04-10T14:43:24Z","message":"retriable manager hosts completed"}
dozzle-1  | {"level":"debug","version":"v10.3.0","host":"yhjnfpu5h89b56sgrto5hxfe5","labels":{"name":["udg*"]},"caller":"web.(*handler).streamEvents.func1:54","timeout":"10s","time":"2026-04-10T14:43:24Z","message":"multi-host list containers started"}
dozzle-1  | {"level":"debug","version":"v10.3.0","labels":{"name":["udg*"]},"caller":"docker.(*MultiHostService).ListContainersForHost","time":"2026-04-10T14:43:24Z","message":"agent service list containers started"}
dozzle-1  | {"level":"warn","version":"v10.3.0","error":"unknown code: Unavailable with rpc error: code = Unavailable desc = connection error: desc = \"transport: Error while dialing: dial tcp 172.16.12.148:7007: i/o timeout\"","endpoint":"dozzle-test:7007","labels":{"name":["udg*"]},"deadline":"10s","elapsed":0.060131,"time":"2026-04-10T14:43:24Z","message":"agent client list containers failed"}
dozzle-1  | {"level":"warn","version":"v10.3.0","error":"unknown code: Unavailable with rpc error: code = Unavailable desc = connection error: desc = \"transport: Error while dialing: dial tcp 172.16.12.148:7007: i/o timeout\"","labels":{"name":["udg*"]},"caller":"docker.(*MultiHostService).ListContainersForHost","elapsed":0.098831,"time":"2026-04-10T14:43:24Z","message":"agent service list containers failed"}
dozzle-1  | {"level":"warn","version":"v10.3.0","error":"unknown code: Unavailable with rpc error: code = Unavailable desc = connection error: desc = \"transport: Error while dialing: dial tcp 172.16.12.148:7007: i/o timeout\"","host":"yhjnfpu5h89b56sgrto5hxfe5","labels":{"name":["udg*"]},"caller":"web.(*handler).streamEvents.func1:54","elapsed":0.174661,"time":"2026-04-10T14:43:24Z","message":"multi-host list containers failed"}
dozzle-1  | {"level":"debug","version":"v10.3.0","host":"y8qzagad6xykor1euqkjpbbly","labels":{"name":["udg*"]},"caller":"web.(*handler).streamEvents.func1:54","timeout":"10s","time":"2026-04-10T14:43:24Z","message":"multi-host list containers started"}
dozzle-1  | {"level":"debug","version":"v10.3.0","labels":{"name":["udg*"]},"host":"Developer","time":"2026-04-10T14:43:24Z","message":"Listing containers"}
dozzle-1  | {"level":"debug","version":"v10.3.0","host":"y8xpwvsse1suk1y6fqwmfgip0","labels":{"name":["udg*"]},"caller":"web.(*handler).streamEvents.func1:54","timeout":"10s","time":"2026-04-10T14:43:24Z","message":"multi-host list containers started"}
dozzle-1  | {"level":"debug","version":"v10.3.0","labels":{"name":["udg*"]},"caller":"docker.(*MultiHostService).ListContainersForHost","time":"2026-04-10T14:43:24Z","message":"agent service list containers started"}
dozzle-1  | {"level":"warn","version":"v10.3.0","error":"unknown code: Unavailable with rpc error: code = Unavailable desc = connection error: desc = \"transport: Error while dialing: dial tcp 172.16.12.148:7007: i/o timeout\"","host":"yhjnfpu5h89b56sgrto5hxfe5","time":"2026-04-10T14:43:24Z","message":"error listing containers for host during initial sync"}
dozzle-1  | {"level":"debug","version":"v10.3.0","clients":3,"failedAgents":0,"caller":"docker.(*MultiHostService).Hosts:320","deadline":"10s","time":"2026-04-10T14:43:24Z","message":"retriable manager hosts started"}
dozzle-1  | {"level":"warn","version":"v10.3.0","error":"unknown code: Unavailable with rpc error: code = Unavailable desc = connection error: desc = \"transport: Error while dialing: dial tcp 172.16.12.148:7007: i/o timeout\"","endpoint":"dozzle-test:7007","deadline":"10s","elapsed":0.049659,"time":"2026-04-10T14:43:24Z","message":"agent client host failed"}
dozzle-1  | {"level":"warn","version":"v10.3.0","error":"unknown code: Unavailable with rpc error: code = Unavailable desc = connection error: desc = \"transport: Error while dialing: dial tcp 172.16.12.148:7007: i/o timeout\"","caller":"docker.(*RetriableClientManager).Hosts.func1","elapsed":0.13132,"time":"2026-04-10T14:43:24Z","message":"agent service host failed"}
dozzle-1  | {"level":"warn","version":"v10.3.0","error":"unknown code: Unavailable with rpc error: code = Unavailable desc = connection error: desc = \"transport: Error while dialing: dial tcp 172.16.12.148:7007: i/o timeout\"","host":"Test","time":"2026-04-10T14:43:24Z","message":"error fetching host info for client"}
dozzle-1  | {"level":"debug","version":"v10.3.0","host":"Developer","time":"2026-04-10T14:43:24Z","message":"Fetching host"}
dozzle-1  | {"level":"debug","version":"v10.3.0","endpoint":"dozzle-release:7007","host":"Release","deadline":"9.998s","elapsed":1.401784,"time":"2026-04-10T14:43:24Z","message":"agent client host completed"}
dozzle-1  | {"level":"debug","version":"v10.3.0","host":"Release","caller":"docker.(*RetriableClientManager).Hosts.func1","elapsed":1.446274,"time":"2026-04-10T14:43:24Z","message":"agent service host completed"}
dozzle-1  | {"level":"debug","version":"v10.3.0","hosts":3,"caller":"docker.(*MultiHostService).Hosts:320","elapsed":1.549195,"time":"2026-04-10T14:43:24Z","message":"retriable manager hosts completed"}
dozzle-1  | {"level":"debug","version":"v10.3.0","clients":3,"failedAgents":0,"caller":"docker.(*MultiHostService).Hosts:320","deadline":"10s","time":"2026-04-10T14:43:24Z","message":"retriable manager hosts started"}
dozzle-1  | {"level":"debug","version":"v10.3.0","host":"Developer","time":"2026-04-10T14:43:24Z","message":"Fetching host"}
dozzle-1  | {"level":"warn","version":"v10.3.0","error":"unknown code: Unavailable with rpc error: code = Unavailable desc = connection error: desc = \"transport: Error while dialing: dial tcp 172.16.12.148:7007: i/o timeout\"","endpoint":"dozzle-test:7007","deadline":"10s","elapsed":0.047591,"time":"2026-04-10T14:43:24Z","message":"agent client host failed"}
dozzle-1  | {"level":"warn","version":"v10.3.0","error":"unknown code: Unavailable with rpc error: code = Unavailable desc = connection error: desc = \"transport: Error while dialing: dial tcp 172.16.12.148:7007: i/o timeout\"","caller":"docker.(*RetriableClientManager).Hosts.func1","elapsed":0.106792,"time":"2026-04-10T14:43:24Z","message":"agent service host failed"}
dozzle-1  | {"level":"warn","version":"v10.3.0","error":"unknown code: Unavailable with rpc error: code = Unavailable desc = connection error: desc = \"transport: Error while dialing: dial tcp 172.16.12.148:7007: i/o timeout\"","host":"Test","time":"2026-04-10T14:43:24Z","message":"error fetching host info for client"}
dozzle-1  | {"level":"debug","version":"v10.3.0","endpoint":"dozzle-release:7007","host":"Release","deadline":"9.999s","elapsed":0.966435,"time":"2026-04-10T14:43:24Z","message":"agent client host completed"}
dozzle-1  | {"level":"debug","version":"v10.3.0","host":"Release","caller":"docker.(*RetriableClientManager).Hosts.func1","elapsed":0.992696,"time":"2026-04-10T14:43:24Z","message":"agent service host completed"}
dozzle-1  | {"level":"debug","version":"v10.3.0","hosts":3,"caller":"docker.(*MultiHostService).Hosts:320","elapsed":1.051414,"time":"2026-04-10T14:43:24Z","message":"retriable manager hosts completed"}
dozzle-1  | {"level":"debug","version":"v10.3.0","host":"y8qzagad6xykor1euqkjpbbly","labels":{"name":["udg*"]},"count":2,"caller":"web.(*handler).streamEvents.func1:54","elapsed":8.985466,"time":"2026-04-10T14:43:24Z","message":"multi-host list containers completed"}
dozzle-1  | {"level":"debug","version":"v10.3.0","endpoint":"dozzle-release:7007","labels":{"name":["udg*"]},"count":3,"deadline":"9.989s","elapsed":10.715011,"time":"2026-04-10T14:43:24Z","message":"agent client list containers completed"}
dozzle-1  | {"level":"debug","version":"v10.3.0","labels":{"name":["udg*"]},"count":3,"caller":"docker.(*MultiHostService).ListContainersForHost","elapsed":10.804202,"time":"2026-04-10T14:43:24Z","message":"agent service list containers completed"}
dozzle-1  | {"level":"debug","version":"v10.3.0","host":"y8xpwvsse1suk1y6fqwmfgip0","labels":{"name":["udg*"]},"count":3,"caller":"web.(*handler).streamEvents.func1:54","elapsed":11.036517,"time":"2026-04-10T14:43:24Z","message":"multi-host list containers completed"}
dozzle-1  | {"level":"debug","version":"v10.3.0","host":"Developer","time":"2026-04-10T14:43:27Z","message":"Fetching host"}
dozzle-1  | {"level":"debug","version":"v10.3.0","host":"Developer","time":"2026-04-10T14:43:28Z","message":"Fetching host"}
dozzle-1  | {"level":"debug","version":"v10.3.0","labels":{},"caller":"docker.(*MultiHostService).ListAllContainers.func1","time":"2026-04-10T14:43:57Z","message":"agent service list containers started"}
dozzle-1  | {"level":"debug","version":"v10.3.0","labels":{},"caller":"docker.(*MultiHostService).ListAllContainers.func1","time":"2026-04-10T14:43:57Z","message":"agent service list containers started"}
dozzle-1  | {"level":"debug","version":"v10.3.0","endpoint":"dozzle-release:7007","labels":{},"count":17,"deadline":"9.994s","elapsed":6.135719,"time":"2026-04-10T14:43:57Z","message":"agent client list containers completed"}
dozzle-1  | {"level":"debug","version":"v10.3.0","labels":{},"count":17,"caller":"docker.(*MultiHostService).ListAllContainers.func1","elapsed":6.310339,"time":"2026-04-10T14:43:57Z","message":"agent service list containers completed"}
dozzle-1  | {"level":"debug","version":"v10.3.0","endpoint":"dozzle-test:7007","labels":{},"count":9,"deadline":"9.989s","elapsed":11.032041,"time":"2026-04-10T14:43:57Z","message":"agent client list containers completed"}
dozzle-1  | {"level":"debug","version":"v10.3.0","labels":{},"count":9,"caller":"docker.(*MultiHostService).ListAllContainers.func1","elapsed":11.214495,"time":"2026-04-10T14:43:57Z","message":"agent service list containers completed"}
dozzle-1  | {"level":"debug","version":"v10.3.0","labels":{},"caller":"docker.(*MultiHostService).ListAllContainers.func1","time":"2026-04-10T14:43:57Z","message":"agent service list containers started"}
dozzle-1  | {"level":"debug","version":"v10.3.0","labels":{},"caller":"docker.(*MultiHostService).ListAllContainers.func1","time":"2026-04-10T14:43:57Z","message":"agent service list containers started"}
dozzle-1  | {"level":"debug","version":"v10.3.0","endpoint":"dozzle-test:7007","labels":{},"count":9,"deadline":"9.994s","elapsed":5.550924,"time":"2026-04-10T14:43:57Z","message":"agent client list containers completed"}
dozzle-1  | {"level":"debug","version":"v10.3.0","labels":{},"count":9,"caller":"docker.(*MultiHostService).ListAllContainers.func1","elapsed":5.943513,"time":"2026-04-10T14:43:57Z","message":"agent service list containers completed"}
dozzle-1  | {"level":"debug","version":"v10.3.0","endpoint":"dozzle-release:7007","labels":{},"count":17,"deadline":"9.993s","elapsed":6.85392,"time":"2026-04-10T14:43:57Z","message":"agent client list containers completed"}
dozzle-1  | {"level":"debug","version":"v10.3.0","labels":{},"count":17,"caller":"docker.(*MultiHostService).ListAllContainers.func1","elapsed":7.066151,"time":"2026-04-10T14:43:57Z","message":"agent service list containers completed"}
dozzle-1  | {"level":"debug","version":"v10.3.0","clients":3,"failedAgents":0,"caller":"docker.(*MultiHostService).Hosts:320","deadline":"10s","time":"2026-04-10T14:43:57Z","message":"retriable manager hosts started"}
dozzle-1  | {"level":"debug","version":"v10.3.0","host":"Developer","time":"2026-04-10T14:43:57Z","message":"Fetching host"}
dozzle-1  | {"level":"debug","version":"v10.3.0","endpoint":"dozzle-test:7007","host":"Test","deadline":"9.999s","elapsed":1.157943,"time":"2026-04-10T14:43:57Z","message":"agent client host completed"}
dozzle-1  | {"level":"debug","version":"v10.3.0","endpoint":"dozzle-release:7007","host":"Release","deadline":"9.999s","elapsed":1.196366,"time":"2026-04-10T14:43:57Z","message":"agent client host completed"}
dozzle-1  | {"level":"debug","version":"v10.3.0","host":"Release","caller":"docker.(*RetriableClientManager).Hosts.func1","elapsed":1.253666,"time":"2026-04-10T14:43:57Z","message":"agent service host completed"}
dozzle-1  | {"level":"debug","version":"v10.3.0","host":"Test","caller":"docker.(*RetriableClientManager).Hosts.func1","elapsed":1.212184,"time":"2026-04-10T14:43:57Z","message":"agent service host completed"}
dozzle-1  | {"level":"debug","version":"v10.3.0","hosts":3,"caller":"docker.(*MultiHostService).Hosts:320","elapsed":1.521889,"time":"2026-04-10T14:43:57Z","message":"retriable manager hosts completed"}
dozzle-1  | {"level":"debug","version":"v10.3.0","clients":3,"failedAgents":0,"caller":"docker.(*MultiHostService).Hosts:320","deadline":"10s","time":"2026-04-10T14:43:57Z","message":"retriable manager hosts started"}
dozzle-1  | {"level":"debug","version":"v10.3.0","host":"Developer","time":"2026-04-10T14:43:57Z","message":"Fetching host"}
dozzle-1  | {"level":"debug","version":"v10.3.0","endpoint":"dozzle-release:7007","host":"Release","deadline":"9.999s","elapsed":0.999245,"time":"2026-04-10T14:43:57Z","message":"agent client host completed"}
dozzle-1  | {"level":"debug","version":"v10.3.0","host":"Release","caller":"docker.(*RetriableClientManager).Hosts.func1","elapsed":1.056002,"time":"2026-04-10T14:43:57Z","message":"agent service host completed"}
dozzle-1  | {"level":"debug","version":"v10.3.0","endpoint":"dozzle-test:7007","host":"Test","deadline":"9.998s","elapsed":1.919044,"time":"2026-04-10T14:43:57Z","message":"agent client host completed"}
dozzle-1  | {"level":"debug","version":"v10.3.0","host":"Test","caller":"docker.(*RetriableClientManager).Hosts.func1","elapsed":1.970977,"time":"2026-04-10T14:43:57Z","message":"agent service host completed"}
dozzle-1  | {"level":"debug","version":"v10.3.0","hosts":3,"caller":"docker.(*MultiHostService).Hosts:320","elapsed":2.284244,"time":"2026-04-10T14:43:57Z","message":"retriable manager hosts completed"}
dozzle-1  | {"level":"debug","version":"v10.3.0","labels":{},"caller":"docker.(*MultiHostService).ListAllContainers.func1","time":"2026-04-10T14:43:57Z","message":"agent service list containers started"}
dozzle-1  | {"level":"debug","version":"v10.3.0","labels":{},"caller":"docker.(*MultiHostService).ListAllContainers.func1","time":"2026-04-10T14:43:57Z","message":"agent service list containers started"}
dozzle-1  | {"level":"debug","version":"v10.3.0","labels":{},"caller":"docker.(*MultiHostService).ListAllContainers.func1","time":"2026-04-10T14:43:57Z","message":"agent service list containers started"}
dozzle-1  | {"level":"debug","version":"v10.3.0","labels":{},"caller":"docker.(*MultiHostService).ListAllContainers.func1","time":"2026-04-10T14:43:57Z","message":"agent service list containers started"}
dozzle-1  | {"level":"debug","version":"v10.3.0","endpoint":"dozzle-release:7007","labels":{},"count":17,"deadline":"9.994s","elapsed":6.122436,"time":"2026-04-10T14:43:57Z","message":"agent client list containers completed"}
dozzle-1  | {"level":"debug","version":"v10.3.0","labels":{},"count":17,"caller":"docker.(*MultiHostService).ListAllContainers.func1","elapsed":6.215275,"time":"2026-04-10T14:43:57Z","message":"agent service list containers completed"}
dozzle-1  | {"level":"debug","version":"v10.3.0","endpoint":"dozzle-test:7007","labels":{},"count":9,"deadline":"9.992s","elapsed":8.091238,"time":"2026-04-10T14:43:57Z","message":"agent client list containers completed"}
dozzle-1  | {"level":"debug","version":"v10.3.0","labels":{},"count":9,"caller":"docker.(*MultiHostService).ListAllContainers.func1","elapsed":8.169598,"time":"2026-04-10T14:43:57Z","message":"agent service list containers completed"}
dozzle-1  | {"level":"debug","version":"v10.3.0","endpoint":"dozzle-release:7007","labels":{},"count":17,"deadline":"9.992s","elapsed":8.208226,"time":"2026-04-10T14:43:57Z","message":"agent client list containers completed"}
dozzle-1  | {"level":"debug","version":"v10.3.0","labels":{},"count":17,"caller":"docker.(*MultiHostService).ListAllContainers.func1","elapsed":8.245023,"time":"2026-04-10T14:43:57Z","message":"agent service list containers completed"}
dozzle-1  | {"level":"debug","version":"v10.3.0","endpoint":"dozzle-test:7007","labels":{},"count":9,"deadline":"9.992s","elapsed":8.252753,"time":"2026-04-10T14:43:57Z","message":"agent client list containers completed"}
dozzle-1  | {"level":"debug","version":"v10.3.0","labels":{},"count":9,"caller":"docker.(*MultiHostService).ListAllContainers.func1","elapsed":8.39592,"time":"2026-04-10T14:43:57Z","message":"agent service list containers completed"}
dozzle-1  | {"level":"debug","version":"v10.3.0","host":"y8xpwvsse1suk1y6fqwmfgip0","container":"98508ba3fb77","labels":{},"caller":"scan.(*Manager).runScan:669","timeout":"10s","time":"2026-04-10T14:43:57Z","message":"multi-host find container started"}
dozzle-1  | {"level":"debug","version":"v10.3.0","endpoint":"dozzle-release:7007","container":"98508ba3fb77","labels":{},"deadline":"9.992s","elapsed":7.847156,"time":"2026-04-10T14:43:57Z","message":"agent client find container completed"}
dozzle-1  | {"level":"debug","version":"v10.3.0","container":"98508ba3fb77","labels":{},"caller":"docker.(*MultiHostService).FindContainer","elapsed":7.95503,"time":"2026-04-10T14:43:57Z","message":"agent service find container completed"}
dozzle-1  | {"level":"debug","version":"v10.3.0","host":"y8xpwvsse1suk1y6fqwmfgip0","container":"98508ba3fb77","caller":"scan.(*Manager).runScan:669","elapsed":8.14562,"time":"2026-04-10T14:43:57Z","message":"multi-host find container completed"}
dozzle-1  | {"level":"debug","version":"v10.3.0","clients":3,"failedAgents":0,"caller":"docker.(*MultiHostService).Hosts:320","deadline":"10s","time":"2026-04-10T14:43:57Z","message":"retriable manager hosts started"}
dozzle-1  | {"level":"debug","version":"v10.3.0","host":"Developer","time":"2026-04-10T14:43:57Z","message":"Fetching host"}
dozzle-1  | {"level":"debug","version":"v10.3.0","endpoint":"dozzle-release:7007","host":"Release","deadline":"9.999s","elapsed":1.194681,"time":"2026-04-10T14:43:57Z","message":"agent client host completed"}
dozzle-1  | {"level":"debug","version":"v10.3.0","host":"Release","caller":"docker.(*RetriableClientManager).Hosts.func1","elapsed":1.252287,"time":"2026-04-10T14:43:57Z","message":"agent service host completed"}
dozzle-1  | {"level":"debug","version":"v10.3.0","endpoint":"dozzle-test:7007","host":"Test","deadline":"9.998s","elapsed":1.696893,"time":"2026-04-10T14:43:57Z","message":"agent client host completed"}
dozzle-1  | {"level":"debug","version":"v10.3.0","host":"Test","caller":"docker.(*RetriableClientManager).Hosts.func1","elapsed":1.78837,"time":"2026-04-10T14:43:57Z","message":"agent service host completed"}
dozzle-1  | {"level":"debug","version":"v10.3.0","hosts":3,"caller":"docker.(*MultiHostService).Hosts:320","elapsed":2.104048,"time":"2026-04-10T14:43:57Z","message":"retriable manager hosts completed"}
dozzle-1  | {"level":"debug","version":"v10.3.0","host":"yhjnfpu5h89b56sgrto5hxfe5","container":"543ebdbe3ddd","labels":{},"caller":"scan.(*Manager).runScan:669","timeout":"10s","time":"2026-04-10T14:43:57Z","message":"multi-host find container started"}
dozzle-1  | {"level":"debug","version":"v10.3.0","endpoint":"dozzle-test:7007","container":"543ebdbe3ddd","labels":{},"deadline":"9.994s","elapsed":5.488208,"time":"2026-04-10T14:43:57Z","message":"agent client find container completed"}
dozzle-1  | {"level":"debug","version":"v10.3.0","container":"543ebdbe3ddd","labels":{},"caller":"docker.(*MultiHostService).FindContainer","elapsed":5.594935,"time":"2026-04-10T14:43:57Z","message":"agent service find container completed"}
dozzle-1  | {"level":"debug","version":"v10.3.0","host":"yhjnfpu5h89b56sgrto5hxfe5","container":"543ebdbe3ddd","caller":"scan.(*Manager).runScan:669","elapsed":5.904236,"time":"2026-04-10T14:43:57Z","message":"multi-host find container completed"}
dozzle-1  | {"level":"debug","version":"v10.3.0","clients":3,"failedAgents":0,"caller":"docker.(*MultiHostService).Hosts:320","deadline":"10s","time":"2026-04-10T14:43:57Z","message":"retriable manager hosts started"}
dozzle-1  | {"level":"debug","version":"v10.3.0","host":"Developer","time":"2026-04-10T14:43:57Z","message":"Fetching host"}
dozzle-1  | {"level":"debug","version":"v10.3.0","endpoint":"dozzle-release:7007","host":"Release","deadline":"9.999s","elapsed":1.187229,"time":"2026-04-10T14:43:57Z","message":"agent client host completed"}
dozzle-1  | {"level":"debug","version":"v10.3.0","host":"Release","caller":"docker.(*RetriableClientManager).Hosts.func1","elapsed":1.248686,"time":"2026-04-10T14:43:57Z","message":"agent service host completed"}
dozzle-1  | {"level":"debug","version":"v10.3.0","endpoint":"dozzle-test:7007","host":"Test","deadline":"9.999s","elapsed":1.15374,"time":"2026-04-10T14:43:57Z","message":"agent client host completed"}
dozzle-1  | {"level":"debug","version":"v10.3.0","host":"Test","caller":"docker.(*RetriableClientManager).Hosts.func1","elapsed":1.197301,"time":"2026-04-10T14:43:57Z","message":"agent service host completed"}
dozzle-1  | {"level":"debug","version":"v10.3.0","hosts":3,"caller":"docker.(*MultiHostService).Hosts:320","elapsed":1.43262,"time":"2026-04-10T14:43:57Z","message":"retriable manager hosts completed"}
dozzle-1  | {"level":"debug","version":"v10.3.0","host":"Developer","time":"2026-04-10T14:43:58Z","message":"Fetching host"}
dozzle-1  | {"level":"debug","version":"v10.3.0","host":"Developer","time":"2026-04-10T14:43:59Z","message":"Fetching host"}
dozzle-1  | {"level":"debug","version":"v10.3.0","labels":{},"caller":"docker.(*MultiHostService).ListAllContainers.func1","time":"2026-04-10T14:44:25Z","message":"agent service list containers started"}
dozzle-1  | {"level":"debug","version":"v10.3.0","labels":{},"caller":"docker.(*MultiHostService).ListAllContainers.func1","time":"2026-04-10T14:44:25Z","message":"agent service list containers started"}
dozzle-1  | {"level":"debug","version":"v10.3.0","endpoint":"dozzle-test:7007","labels":{},"count":9,"deadline":"9.993s","elapsed":6.546826,"time":"2026-04-10T14:44:25Z","message":"agent client list containers completed"}
dozzle-1  | {"level":"debug","version":"v10.3.0","labels":{},"count":9,"caller":"docker.(*MultiHostService).ListAllContainers.func1","elapsed":6.682954,"time":"2026-04-10T14:44:25Z","message":"agent service list containers completed"}
dozzle-1  | {"level":"debug","version":"v10.3.0","endpoint":"dozzle-release:7007","labels":{},"count":17,"deadline":"9.99s","elapsed":10.072523,"time":"2026-04-10T14:44:25Z","message":"agent client list containers completed"}
dozzle-1  | {"level":"debug","version":"v10.3.0","labels":{},"count":17,"caller":"docker.(*MultiHostService).ListAllContainers.func1","elapsed":10.237786,"time":"2026-04-10T14:44:25Z","message":"agent service list containers completed"}
dozzle-1  | {"level":"debug","version":"v10.3.0","labels":{},"caller":"docker.(*MultiHostService).ListAllContainers.func1","time":"2026-04-10T14:44:25Z","message":"agent service list containers started"}
dozzle-1  | {"level":"debug","version":"v10.3.0","labels":{},"caller":"docker.(*MultiHostService).ListAllContainers.func1","time":"2026-04-10T14:44:25Z","message":"agent service list containers started"}
dozzle-1  | {"level":"debug","version":"v10.3.0","endpoint":"dozzle-test:7007","labels":{},"count":9,"deadline":"9.994s","elapsed":5.934826,"time":"2026-04-10T14:44:25Z","message":"agent client list containers completed"}
dozzle-1  | {"level":"debug","version":"v10.3.0","labels":{},"count":9,"caller":"docker.(*MultiHostService).ListAllContainers.func1","elapsed":6.139904,"time":"2026-04-10T14:44:25Z","message":"agent service list containers completed"}
dozzle-1  | {"level":"debug","version":"v10.3.0","endpoint":"dozzle-release:7007","labels":{},"count":17,"deadline":"9.993s","elapsed":6.69044,"time":"2026-04-10T14:44:25Z","message":"agent client list containers completed"}
dozzle-1  | {"level":"debug","version":"v10.3.0","labels":{},"count":17,"caller":"docker.(*MultiHostService).ListAllContainers.func1","elapsed":6.772892,"time":"2026-04-10T14:44:25Z","message":"agent service list containers completed"}
dozzle-1  | {"level":"debug","version":"v10.3.0","clients":3,"failedAgents":0,"caller":"docker.(*MultiHostService).Hosts:320","deadline":"10s","time":"2026-04-10T14:44:26Z","message":"retriable manager hosts started"}
dozzle-1  | {"level":"debug","version":"v10.3.0","host":"Developer","time":"2026-04-10T14:44:26Z","message":"Fetching host"}
dozzle-1  | {"level":"debug","version":"v10.3.0","endpoint":"dozzle-release:7007","host":"Release","deadline":"9.998s","elapsed":1.4874,"time":"2026-04-10T14:44:26Z","message":"agent client host completed"}
dozzle-1  | {"level":"debug","version":"v10.3.0","host":"Release","caller":"docker.(*RetriableClientManager).Hosts.func1","elapsed":1.537619,"time":"2026-04-10T14:44:26Z","message":"agent service host completed"}
dozzle-1  | {"level":"debug","version":"v10.3.0","endpoint":"dozzle-test:7007","host":"Test","deadline":"9.998s","elapsed":2.177834,"time":"2026-04-10T14:44:26Z","message":"agent client host completed"}
dozzle-1  | {"level":"debug","version":"v10.3.0","host":"Test","caller":"docker.(*RetriableClientManager).Hosts.func1","elapsed":2.231746,"time":"2026-04-10T14:44:26Z","message":"agent service host completed"}
dozzle-1  | {"level":"debug","version":"v10.3.0","hosts":3,"caller":"docker.(*MultiHostService).Hosts:320","elapsed":2.505509,"time":"2026-04-10T14:44:26Z","message":"retriable manager hosts completed"}
dozzle-1  | {"level":"debug","version":"v10.3.0","hit":true,"data":"[]releases.Release","time":"2026-04-10T14:44:26Z","message":"Cache hit"}
dozzle-1  | {"level":"debug","version":"v10.3.0","labels":{},"caller":"docker.(*MultiHostService).ListAllContainers.func1","time":"2026-04-10T14:44:26Z","message":"agent service list containers started"}
dozzle-1  | {"level":"debug","version":"v10.3.0","labels":{},"caller":"docker.(*MultiHostService).ListAllContainers.func1","time":"2026-04-10T14:44:26Z","message":"agent service list containers started"}
dozzle-1  | {"level":"debug","version":"v10.3.0","endpoint":"dozzle-release:7007","labels":{},"count":17,"deadline":"9.994s","elapsed":5.862174,"time":"2026-04-10T14:44:26Z","message":"agent client list containers completed"}
dozzle-1  | {"level":"debug","version":"v10.3.0","labels":{},"count":17,"caller":"docker.(*MultiHostService).ListAllContainers.func1","elapsed":6.014821,"time":"2026-04-10T14:44:26Z","message":"agent service list containers completed"}
dozzle-1  | {"level":"debug","version":"v10.3.0","endpoint":"dozzle-test:7007","labels":{},"count":9,"deadline":"9.99s","elapsed":9.489059,"time":"2026-04-10T14:44:26Z","message":"agent client list containers completed"}
dozzle-1  | {"level":"debug","version":"v10.3.0","labels":{},"count":9,"caller":"docker.(*MultiHostService).ListAllContainers.func1","elapsed":9.559723,"time":"2026-04-10T14:44:26Z","message":"agent service list containers completed"}
dozzle-1  | {"level":"debug","version":"v10.3.0","clients":3,"failedAgents":0,"caller":"docker.(*MultiHostService).Hosts:320","deadline":"10s","time":"2026-04-10T14:44:26Z","message":"retriable manager hosts started"}
dozzle-1  | {"level":"debug","version":"v10.3.0","host":"Developer","time":"2026-04-10T14:44:26Z","message":"Fetching host"}
dozzle-1  | {"level":"debug","version":"v10.3.0","endpoint":"dozzle-release:7007","host":"Release","deadline":"9.998s","elapsed":1.591694,"time":"2026-04-10T14:44:26Z","message":"agent client host completed"}
dozzle-1  | {"level":"debug","version":"v10.3.0","host":"Release","caller":"docker.(*RetriableClientManager).Hosts.func1","elapsed":1.626536,"time":"2026-04-10T14:44:26Z","message":"agent service host completed"}
dozzle-1  | {"level":"debug","version":"v10.3.0","endpoint":"dozzle-test:7007","host":"Test","deadline":"9.998s","elapsed":1.524507,"time":"2026-04-10T14:44:26Z","message":"agent client host completed"}
dozzle-1  | {"level":"debug","version":"v10.3.0","host":"Test","caller":"docker.(*RetriableClientManager).Hosts.func1","elapsed":1.567191,"time":"2026-04-10T14:44:26Z","message":"agent service host completed"}
dozzle-1  | {"level":"debug","version":"v10.3.0","hosts":3,"caller":"docker.(*MultiHostService).Hosts:320","elapsed":1.735555,"time":"2026-04-10T14:44:26Z","message":"retriable manager hosts completed"}
dozzle-1  | {"level":"debug","version":"v10.3.0","host":"y8qzagad6xykor1euqkjpbbly","labels":{"name":["udg*"]},"caller":"web.(*handler).streamEvents.func1:54","timeout":"10s","time":"2026-04-10T14:44:26Z","message":"multi-host list containers started"}
dozzle-1  | {"level":"debug","version":"v10.3.0","host":"yhjnfpu5h89b56sgrto5hxfe5","labels":{"name":["udg*"]},"caller":"web.(*handler).streamEvents.func1:54","timeout":"10s","time":"2026-04-10T14:44:26Z","message":"multi-host list containers started"}
dozzle-1  | {"level":"debug","version":"v10.3.0","labels":{"name":["udg*"]},"host":"Developer","time":"2026-04-10T14:44:26Z","message":"Listing containers"}
dozzle-1  | {"level":"debug","version":"v10.3.0","labels":{"name":["udg*"]},"caller":"docker.(*MultiHostService).ListContainersForHost","time":"2026-04-10T14:44:26Z","message":"agent service list containers started"}
dozzle-1  | {"level":"debug","version":"v10.3.0","host":"y8xpwvsse1suk1y6fqwmfgip0","labels":{"name":["udg*"]},"caller":"web.(*handler).streamEvents.func1:54","timeout":"10s","time":"2026-04-10T14:44:26Z","message":"multi-host list containers started"}
dozzle-1  | {"level":"debug","version":"v10.3.0","labels":{"name":["udg*"]},"caller":"docker.(*MultiHostService).ListContainersForHost","time":"2026-04-10T14:44:26Z","message":"agent service list containers started"}
dozzle-1  | {"level":"debug","version":"v10.3.0","clients":3,"failedAgents":0,"caller":"docker.(*MultiHostService).Hosts:320","deadline":"10s","time":"2026-04-10T14:44:26Z","message":"retriable manager hosts started"}
dozzle-1  | {"level":"debug","version":"v10.3.0","host":"Developer","time":"2026-04-10T14:44:26Z","message":"Fetching host"}
dozzle-1  | {"level":"debug","version":"v10.3.0","endpoint":"dozzle-test:7007","host":"Test","deadline":"9.999s","elapsed":1.225254,"time":"2026-04-10T14:44:26Z","message":"agent client host completed"}
dozzle-1  | {"level":"debug","version":"v10.3.0","host":"Test","caller":"docker.(*RetriableClientManager).Hosts.func1","elapsed":1.256518,"time":"2026-04-10T14:44:26Z","message":"agent service host completed"}
dozzle-1  | {"level":"debug","version":"v10.3.0","endpoint":"dozzle-release:7007","host":"Release","deadline":"9.998s","elapsed":1.412989,"time":"2026-04-10T14:44:26Z","message":"agent client host completed"}
dozzle-1  | {"level":"debug","version":"v10.3.0","host":"Release","caller":"docker.(*RetriableClientManager).Hosts.func1","elapsed":1.437458,"time":"2026-04-10T14:44:26Z","message":"agent service host completed"}
dozzle-1  | {"level":"debug","version":"v10.3.0","hosts":3,"caller":"docker.(*MultiHostService).Hosts:320","elapsed":1.534681,"time":"2026-04-10T14:44:26Z","message":"retriable manager hosts completed"}
dozzle-1  | {"level":"debug","version":"v10.3.0","clients":3,"failedAgents":0,"caller":"docker.(*MultiHostService).Hosts:320","deadline":"10s","time":"2026-04-10T14:44:26Z","message":"retriable manager hosts started"}
dozzle-1  | {"level":"debug","version":"v10.3.0","host":"Developer","time":"2026-04-10T14:44:26Z","message":"Fetching host"}
dozzle-1  | {"level":"debug","version":"v10.3.0","endpoint":"dozzle-test:7007","host":"Test","deadline":"9.999s","elapsed":0.869765,"time":"2026-04-10T14:44:26Z","message":"agent client host completed"}
dozzle-1  | {"level":"debug","version":"v10.3.0","host":"Test","caller":"docker.(*RetriableClientManager).Hosts.func1","elapsed":0.894607,"time":"2026-04-10T14:44:26Z","message":"agent service host completed"}
dozzle-1  | {"level":"debug","version":"v10.3.0","endpoint":"dozzle-release:7007","host":"Release","deadline":"9.999s","elapsed":1.080819,"time":"2026-04-10T14:44:26Z","message":"agent client host completed"}
dozzle-1  | {"level":"debug","version":"v10.3.0","host":"Release","caller":"docker.(*RetriableClientManager).Hosts.func1","elapsed":1.101082,"time":"2026-04-10T14:44:26Z","message":"agent service host completed"}
dozzle-1  | {"level":"debug","version":"v10.3.0","hosts":3,"caller":"docker.(*MultiHostService).Hosts:320","elapsed":1.142484,"time":"2026-04-10T14:44:26Z","message":"retriable manager hosts completed"}
dozzle-1  | {"level":"debug","version":"v10.3.0","host":"y8qzagad6xykor1euqkjpbbly","labels":{"name":["udg*"]},"count":2,"caller":"web.(*handler).streamEvents.func1:54","elapsed":3.539441,"time":"2026-04-10T14:44:26Z","message":"multi-host list containers completed"}
dozzle-1  | {"level":"debug","version":"v10.3.0","endpoint":"dozzle-test:7007","labels":{"name":["udg*"]},"count":2,"deadline":"9.993s","elapsed":6.212706,"time":"2026-04-10T14:44:26Z","message":"agent client list containers completed"}
dozzle-1  | {"level":"debug","version":"v10.3.0","labels":{"name":["udg*"]},"count":2,"caller":"docker.(*MultiHostService).ListContainersForHost","elapsed":6.688465,"time":"2026-04-10T14:44:26Z","message":"agent service list containers completed"}
dozzle-1  | {"level":"debug","version":"v10.3.0","host":"yhjnfpu5h89b56sgrto5hxfe5","labels":{"name":["udg*"]},"count":2,"caller":"web.(*handler).streamEvents.func1:54","elapsed":7.041205,"time":"2026-04-10T14:44:26Z","message":"multi-host list containers completed"}
dozzle-1  | {"level":"debug","version":"v10.3.0","endpoint":"dozzle-release:7007","labels":{"name":["udg*"]},"count":3,"deadline":"9.991s","elapsed":8.034863,"time":"2026-04-10T14:44:26Z","message":"agent client list containers completed"}
dozzle-1  | {"level":"debug","version":"v10.3.0","labels":{"name":["udg*"]},"count":3,"caller":"docker.(*MultiHostService).ListContainersForHost","elapsed":8.087278,"time":"2026-04-10T14:44:26Z","message":"agent service list containers completed"}
dozzle-1  | {"level":"debug","version":"v10.3.0","host":"y8xpwvsse1suk1y6fqwmfgip0","labels":{"name":["udg*"]},"count":3,"caller":"web.(*handler).streamEvents.func1:54","elapsed":8.736854,"time":"2026-04-10T14:44:26Z","message":"multi-host list containers completed"}
dozzle-1  | {"level":"debug","version":"v10.3.0","host":"Developer","time":"2026-04-10T14:44:28Z","message":"Fetching host"}
dozzle-1  | {"level":"debug","version":"v10.3.0","host":"Developer","time":"2026-04-10T14:44:29Z","message":"Fetching host"}
dozzle-1  | {"level":"debug","version":"v10.3.0","labels":{},"caller":"docker.(*MultiHostService).ListAllContainers.func1","time":"2026-04-10T14:44:57Z","message":"agent service list containers started"}
dozzle-1  | {"level":"debug","version":"v10.3.0","labels":{},"caller":"docker.(*MultiHostService).ListAllContainers.func1","time":"2026-04-10T14:44:57Z","message":"agent service list containers started"}
dozzle-1  | {"level":"debug","version":"v10.3.0","endpoint":"dozzle-release:7007","labels":{},"count":17,"deadline":"9.994s","elapsed":5.986675,"time":"2026-04-10T14:44:57Z","message":"agent client list containers completed"}
dozzle-1  | {"level":"debug","version":"v10.3.0","labels":{},"count":17,"caller":"docker.(*MultiHostService).ListAllContainers.func1","elapsed":6.107968,"time":"2026-04-10T14:44:57Z","message":"agent service list containers completed"}
dozzle-1  | {"level":"debug","version":"v10.3.0","endpoint":"dozzle-test:7007","labels":{},"count":9,"deadline":"9.992s","elapsed":7.341469,"time":"2026-04-10T14:44:57Z","message":"agent client list containers completed"}
dozzle-1  | {"level":"debug","version":"v10.3.0","labels":{},"count":9,"caller":"docker.(*MultiHostService).ListAllContainers.func1","elapsed":7.639133,"time":"2026-04-10T14:44:57Z","message":"agent service list containers completed"}
dozzle-1  | {"level":"debug","version":"v10.3.0","labels":{},"caller":"docker.(*MultiHostService).ListAllContainers.func1","time":"2026-04-10T14:44:57Z","message":"agent service list containers started"}
dozzle-1  | {"level":"debug","version":"v10.3.0","labels":{},"caller":"docker.(*MultiHostService).ListAllContainers.func1","time":"2026-04-10T14:44:57Z","message":"agent service list containers started"}
dozzle-1  | {"level":"debug","version":"v10.3.0","endpoint":"dozzle-release:7007","labels":{},"count":17,"deadline":"9.994s","elapsed":6.379534,"time":"2026-04-10T14:44:57Z","message":"agent client list containers completed"}
dozzle-1  | {"level":"debug","version":"v10.3.0","labels":{},"count":17,"caller":"docker.(*MultiHostService).ListAllContainers.func1","elapsed":6.515751,"time":"2026-04-10T14:44:57Z","message":"agent service list containers completed"}
dozzle-1  | {"level":"debug","version":"v10.3.0","endpoint":"dozzle-test:7007","labels":{},"count":9,"deadline":"9.986s","elapsed":13.769846,"time":"2026-04-10T14:44:57Z","message":"agent client list containers completed"}
dozzle-1  | {"level":"debug","version":"v10.3.0","labels":{},"count":9,"caller":"docker.(*MultiHostService).ListAllContainers.func1","elapsed":13.947271,"time":"2026-04-10T14:44:57Z","message":"agent service list containers completed"}
dozzle-1  | {"level":"debug","version":"v10.3.0","clients":3,"failedAgents":0,"caller":"docker.(*MultiHostService).Hosts:320","deadline":"10s","time":"2026-04-10T14:44:57Z","message":"retriable manager hosts started"}
dozzle-1  | {"level":"debug","version":"v10.3.0","host":"Developer","time":"2026-04-10T14:44:57Z","message":"Fetching host"}
dozzle-1  | {"level":"debug","version":"v10.3.0","endpoint":"dozzle-release:7007","host":"Release","deadline":"9.998s","elapsed":1.420368,"time":"2026-04-10T14:44:57Z","message":"agent client host completed"}
dozzle-1  | {"level":"debug","version":"v10.3.0","host":"Release","caller":"docker.(*RetriableClientManager).Hosts.func1","elapsed":1.461295,"time":"2026-04-10T14:44:57Z","message":"agent service host completed"}
dozzle-1  | {"level":"debug","version":"v10.3.0","endpoint":"dozzle-test:7007","host":"Test","deadline":"9.998s","elapsed":1.504601,"time":"2026-04-10T14:44:57Z","message":"agent client host completed"}
dozzle-1  | {"level":"debug","version":"v10.3.0","host":"Test","caller":"docker.(*RetriableClientManager).Hosts.func1","elapsed":1.546847,"time":"2026-04-10T14:44:57Z","message":"agent service host completed"}
dozzle-1  | {"level":"debug","version":"v10.3.0","hosts":3,"caller":"docker.(*MultiHostService).Hosts:320","elapsed":1.752851,"time":"2026-04-10T14:44:57Z","message":"retriable manager hosts completed"}
dozzle-1  | {"level":"debug","version":"v10.3.0","clients":3,"failedAgents":0,"caller":"docker.(*MultiHostService).Hosts:320","deadline":"10s","time":"2026-04-10T14:44:57Z","message":"retriable manager hosts started"}
dozzle-1  | {"level":"debug","version":"v10.3.0","host":"Developer","time":"2026-04-10T14:44:57Z","message":"Fetching host"}
dozzle-1  | {"level":"debug","version":"v10.3.0","endpoint":"dozzle-test:7007","host":"Test","deadline":"9.999s","elapsed":0.899524,"time":"2026-04-10T14:44:57Z","message":"agent client host completed"}
dozzle-1  | {"level":"debug","version":"v10.3.0","host":"Test","caller":"docker.(*RetriableClientManager).Hosts.func1","elapsed":0.951783,"time":"2026-04-10T14:44:57Z","message":"agent service host completed"}
dozzle-1  | {"level":"debug","version":"v10.3.0","endpoint":"dozzle-release:7007","host":"Release","deadline":"9.999s","elapsed":1.089742,"time":"2026-04-10T14:44:57Z","message":"agent client host completed"}
dozzle-1  | {"level":"debug","version":"v10.3.0","host":"Release","caller":"docker.(*RetriableClientManager).Hosts.func1","elapsed":1.13798,"time":"2026-04-10T14:44:57Z","message":"agent service host completed"}
dozzle-1  | {"level":"debug","version":"v10.3.0","hosts":3,"caller":"docker.(*MultiHostService).Hosts:320","elapsed":1.2563,"time":"2026-04-10T14:44:57Z","message":"retriable manager hosts completed"}
cdozzle-1  | {"level":"debug","version":"v10.3.0","host":"Developer","time":"2026-04-10T14:44:58Z","message":"Fetching host"}
^Ccanceled
co-skipper@unidg02-cons:/opt/dozzle$ docker-compose down
WARN[0000] /opt/dozzle/socks5/docker-compose.yaml: the attribute `version` is obsolete, it will be ignored, please remove it to avoid potential confusion 
[+] Running 7/7
 ✔ Container dozzle-incendents-beat-1    Removed                                                                                                                                        1.4s 
 ✔ Container socks5                      Removed                                                                                                                                        0.5s 
 ✔ Container dozzle-dozzle-1             Removed                                                                                                                                        3.7s 
 ✔ Container dozzle-incendents-api-1     Removed                                                                                                                                        1.3s 
 ✔ Container dozzle-incendents-worker-1  Removed                                                                                                                                        4.0s 
 ✔ Container dozzle-redis-1              Removed                                                                                                                                        0.6s 
 ! Network dozzle                        Resource is still in use                                                                                                                       0.0s 
co-skipper@unidg02-cons:/opt/dozzle$ docker-compose up -d
WARN[0000] /opt/dozzle/socks5/docker-compose.yaml: the attribute `version` is obsolete, it will be ignored, please remove it to avoid potential confusion 
[+] Running 6/6
 ✔ Container dozzle-dozzle-1             Started                                                                                                                                        3.1s 
 ✔ Container dozzle-redis-1              Started                                                                                                                                        3.1s 
 ✔ Container socks5                      Started                                                                                                                                        2.8s 
 ✔ Container dozzle-incendents-api-1     Started                                                                                                                                        5.4s 
 ✔ Container dozzle-incendents-worker-1  Started                                                                                                                                        5.6s 
 ✔ Container dozzle-incendents-beat-1    Started                                                                                                                                        7.7s 
co-skipper@unidg02-cons:/opt/dozzle$ docker-compose logs -f dozzle
WARN[0000] /opt/dozzle/socks5/docker-compose.yaml: the attribute `version` is obsolete, it will be ignored, please remove it to avoid potential confusion 
dozzle-1  | {"level":"warn","env":"DOZZLE_JIRA_TOKEN","time":"2026-04-10T14:45:14Z","message":"Unexpected environment variable"}
dozzle-1  | {"level":"warn","env":"DOZZLE_JIRA_URL","time":"2026-04-10T14:45:14Z","message":"Unexpected environment variable"}
dozzle-1  | {"level":"info","version":"v10.3.0","time":"2026-04-10T14:45:14Z","message":"Dozzle version v10.3.0"}
dozzle-1  | {"level":"debug","version":"v10.3.0","labels":{"name":["udg*"]},"host":"Developer","time":"2026-04-10T14:45:14Z","message":"Listing containers"}
dozzle-1  | {"level":"debug","version":"v10.3.0","time":"2026-04-10T14:45:14Z","message":"Adding local Docker Engine"}
dozzle-1  | {"level":"debug","version":"v10.3.0","host":"Developer","time":"2026-04-10T14:45:14Z","message":"Fetching host"}
dozzle-1  | {"level":"debug","version":"v10.3.0","host":"Developer","labels":{"name":["udg*"]},"time":"2026-04-10T14:45:14Z","message":"initializing container store"}
dozzle-1  | {"level":"debug","version":"v10.3.0","host":"Developer","time":"2026-04-10T14:45:14Z","message":"Fetching host"}
dozzle-1  | {"level":"debug","version":"v10.3.0","host":"Developer","time":"2026-04-10T14:45:14Z","message":"Fetching host"}
dozzle-1  | {"level":"debug","version":"v10.3.0","host":"Developer","time":"2026-04-10T14:45:14Z","message":"docker store subscribing docker events"}
dozzle-1  | {"level":"debug","version":"v10.3.0","labels":{"name":["udg*"]},"host":"Developer","time":"2026-04-10T14:45:14Z","message":"Listing containers"}
dozzle-1  | {"level":"debug","version":"v10.3.0","host":"Developer","time":"2026-04-10T14:45:14Z","message":"Fetching host"}
dozzle-1  | {"level":"debug","version":"v10.3.0","id":"c4c83045b404","time":"2026-04-10T14:45:14Z","message":"Finding container"}
dozzle-1  | {"level":"debug","version":"v10.3.0","id":"062693dc2ab0","time":"2026-04-10T14:45:14Z","message":"Finding container"}
dozzle-1  | {"level":"debug","version":"v10.3.0","endpoint":"dozzle-release:7007","host":"Release","deadline":"9.986s","elapsed":14.09442,"time":"2026-04-10T14:45:14Z","message":"agent client host completed"}
dozzle-1  | {"level":"debug","version":"v10.3.0","containers":2,"time":"2026-04-10T14:45:14Z","message":"finished initializing container store"}
dozzle-1  | {"level":"debug","version":"v10.3.0","endpoint":"dozzle-test:7007","host":"Test","deadline":"9.985s","elapsed":15.009323,"time":"2026-04-10T14:45:14Z","message":"agent client host completed"}
dozzle-1  | {"level":"info","version":"v10.3.0","clients":3,"time":"2026-04-10T14:45:14Z","message":"Connected to Docker"}
dozzle-1  | {"level":"debug","version":"v10.3.0","labels":{"name":["udg*"]},"host":"Developer","time":"2026-04-10T14:45:14Z","message":"Listing containers"}
dozzle-1  | {"level":"debug","version":"v10.3.0","name":"udg-backend-1 error","id":2,"time":"2026-04-10T14:45:14Z","message":"Loaded subscription"}
dozzle-1  | {"level":"debug","version":"v10.3.0","name":"udg-backend-1 info","id":3,"time":"2026-04-10T14:45:14Z","message":"Loaded subscription"}
dozzle-1  | {"level":"debug","version":"v10.3.0","name":"Обновление контейнера фронтенда","id":4,"time":"2026-04-10T14:45:14Z","message":"Loaded subscription"}
dozzle-1  | {"level":"debug","version":"v10.3.0","name":"Ресурсы","id":5,"time":"2026-04-10T14:45:14Z","message":"Loaded subscription"}
dozzle-1  | {"level":"debug","version":"v10.3.0","id":1,"time":"2026-04-10T14:45:14Z","message":"Loaded dispatcher from state sync"}
dozzle-1  | {"level":"debug","version":"v10.3.0","id":2,"time":"2026-04-10T14:45:14Z","message":"Loaded dispatcher from state sync"}
dozzle-1  | {"level":"debug","version":"v10.3.0","id":3,"time":"2026-04-10T14:45:14Z","message":"Loaded dispatcher from state sync"}
dozzle-1  | {"level":"debug","version":"v10.3.0","time":"2026-04-10T14:45:14Z","message":"Started container stats listener for metric alerts"}
dozzle-1  | {"level":"debug","version":"v10.3.0","subscriptions":4,"dispatchers":3,"time":"2026-04-10T14:45:14Z","message":"Replaced notification state"}
dozzle-1  | {"level":"debug","version":"v10.3.0","path":"./data/notifications.yml","time":"2026-04-10T14:45:14Z","message":"Loaded notification config"}
dozzle-1  | {"level":"debug","version":"v10.3.0","host":"Developer","time":"2026-04-10T14:45:14Z","message":"Fetching host"}
dozzle-1  | {"level":"debug","version":"v10.3.0","container":"c4c83045b404","host":"Developer","time":"2026-04-10T14:45:14Z","message":"starting to stream stats"}
dozzle-1  | {"level":"debug","version":"v10.3.0","host":"Developer","time":"2026-04-10T14:45:14Z","message":"Fetching host"}
dozzle-1  | {"level":"debug","version":"v10.3.0","host":"Developer","time":"2026-04-10T14:45:14Z","message":"starting to listen to docker events"}
dozzle-1  | {"level":"debug","version":"v10.3.0","host":"Developer","time":"2026-04-10T14:45:14Z","message":"Fetching host"}
dozzle-1  | {"level":"debug","version":"v10.3.0","container":"062693dc2ab0","host":"Developer","time":"2026-04-10T14:45:14Z","message":"starting to stream stats"}
dozzle-1  | {"level":"debug","version":"v10.3.0","labels":{},"caller":"docker.(*MultiHostService).ListAllContainers.func1","time":"2026-04-10T14:45:14Z","message":"agent service list containers started"}
dozzle-1  | {"level":"debug","version":"v10.3.0","labels":{},"caller":"docker.(*MultiHostService).ListAllContainers.func1","time":"2026-04-10T14:45:14Z","message":"agent service list containers started"}
dozzle-1  | {"level":"debug","version":"v10.3.0","host":"Developer","time":"2026-04-10T14:45:14Z","message":"Fetching host"}
dozzle-1  | {"level":"debug","version":"v10.3.0","endpoint":"dozzle-release:7007","labels":{},"count":17,"deadline":"9.984s","elapsed":15.724035,"time":"2026-04-10T14:45:14Z","message":"agent client list containers completed"}
dozzle-1  | {"level":"debug","version":"v10.3.0","labels":{},"count":17,"caller":"docker.(*MultiHostService).ListAllContainers.func1","elapsed":15.864505,"time":"2026-04-10T14:45:14Z","message":"agent service list containers completed"}
dozzle-1  | {"level":"debug","version":"v10.3.0","endpoint":"dozzle-test:7007","labels":{},"count":9,"deadline":"9.984s","elapsed":16.40067,"time":"2026-04-10T14:45:14Z","message":"agent client list containers completed"}
dozzle-1  | {"level":"debug","version":"v10.3.0","labels":{},"count":9,"caller":"docker.(*MultiHostService).ListAllContainers.func1","elapsed":16.463943,"time":"2026-04-10T14:45:14Z","message":"agent service list containers completed"}
dozzle-1  | {"level":"info","version":"v10.3.0","time":"2026-04-10T14:45:14Z","message":"Accepting connections on :8080"}
dozzle-1  | {"level":"debug","version":"v10.3.0","host":"y8qzagad6xykor1euqkjpbbly","container":"062693dc2ab0","labels":{"name":["udg*"]},"caller":"web.(*handler).streamContainerLogs:252","timeout":"10s","time":"2026-04-10T14:45:15Z","message":"multi-host find container started"}
dozzle-1  | {"level":"debug","version":"v10.3.0","labels":{"name":["udg*"]},"host":"Developer","time":"2026-04-10T14:45:15Z","message":"Listing containers"}
dozzle-1  | {"level":"debug","version":"v10.3.0","host":"y8qzagad6xykor1euqkjpbbly","container":"062693dc2ab0","caller":"web.(*handler).streamContainerLogs:252","elapsed":3.881035,"time":"2026-04-10T14:45:15Z","message":"multi-host find container completed"}
dozzle-1  | {"level":"debug","version":"v10.3.0","labels":{"name":["udg*"]},"caller":"docker.(*MultiHostService).ListAllContainers.func1","time":"2026-04-10T14:45:15Z","message":"agent service list containers started"}
dozzle-1  | {"level":"debug","version":"v10.3.0","labels":{"name":["udg*"]},"host":"Developer","time":"2026-04-10T14:45:15Z","message":"Listing containers"}
dozzle-1  | {"level":"debug","version":"v10.3.0","labels":{"name":["udg*"]},"caller":"docker.(*MultiHostService).ListAllContainers.func1","time":"2026-04-10T14:45:15Z","message":"agent service list containers started"}
dozzle-1  | {"level":"debug","version":"v10.3.0","endpoint":"dozzle-release:7007","labels":{"name":["udg*"]},"count":3,"deadline":"9.992s","elapsed":6.541599,"time":"2026-04-10T14:45:15Z","message":"agent client list containers completed"}
dozzle-1  | {"level":"debug","version":"v10.3.0","labels":{"name":["udg*"]},"count":3,"caller":"docker.(*MultiHostService).ListAllContainers.func1","elapsed":6.6565,"time":"2026-04-10T14:45:15Z","message":"agent service list containers completed"}
dozzle-1  | {"level":"debug","version":"v10.3.0","endpoint":"dozzle-test:7007","labels":{"name":["udg*"]},"count":2,"deadline":"9.99s","elapsed":9.922694,"time":"2026-04-10T14:45:15Z","message":"agent client list containers completed"}
dozzle-1  | {"level":"debug","version":"v10.3.0","labels":{"name":["udg*"]},"count":2,"caller":"docker.(*MultiHostService).ListAllContainers.func1","elapsed":9.990774,"time":"2026-04-10T14:45:15Z","message":"agent service list containers completed"}
dozzle-1  | {"level":"debug","version":"v10.3.0","host":"y8qzagad6xykor1euqkjpbbly","container":"062693dc2ab0","labels":{"name":["udg*"]},"caller":"web.(*handler).streamLogsForContainers.func2:424","timeout":"10s","time":"2026-04-10T14:45:15Z","message":"multi-host find container started"}
dozzle-1  | {"level":"debug","version":"v10.3.0","labels":{"name":["udg*"]},"host":"Developer","time":"2026-04-10T14:45:15Z","message":"Listing containers"}
dozzle-1  | {"level":"debug","version":"v10.3.0","host":"y8qzagad6xykor1euqkjpbbly","container":"062693dc2ab0","caller":"web.(*handler).streamLogsForContainers.func2:424","elapsed":3.247829,"time":"2026-04-10T14:45:15Z","message":"multi-host find container completed"}
dozzle-1  | {"level":"debug","version":"v10.3.0","id":"062693dc2ab0","since":"2026-04-10T11:34:17Z","stdType":"all","host":"Developer","time":"2026-04-10T14:45:15Z","message":"Streaming logs for container"}
dozzle-1  | {"level":"debug","version":"v10.3.0","host":"Developer","time":"2026-04-10T14:45:15Z","message":"Fetching host"}
dozzle-1  | {"level":"debug","version":"v10.3.0","host":"Developer","time":"2026-04-10T14:45:16Z","message":"Fetching host"}
dozzle-1  | {"level":"debug","version":"v10.3.0","container":"1bc6a7981ab8","host":"Developer","time":"2026-04-10T14:45:16Z","message":"starting to stream stats"}
dozzle-1  | {"level":"debug","version":"v10.3.0","id":"1bc6a7981ab8","time":"2026-04-10T14:45:16Z","message":"Finding container"}
dozzle-1  | {"level":"debug","version":"v10.3.0","labels":{"name":["udg*"]},"host":"Developer","time":"2026-04-10T14:45:16Z","message":"Listing containers"}
dozzle-1  | {"level":"debug","version":"v10.3.0","id":"1bc6a7981ab8","time":"2026-04-10T14:45:17Z","message":"container not found"}
dozzle-1  | {"level":"debug","version":"v10.3.0","error":"container not found","containerID":"1bc6a7981ab8","event":"start","time":"2026-04-10T14:45:17Z","message":"Failed to resolve container event"}
dozzle-1  | {"level":"debug","version":"v10.3.0","id":"59f88634177d","time":"2026-04-10T14:45:17Z","message":"Finding container"}
dozzle-1  | {"level":"debug","version":"v10.3.0","host":"Developer","time":"2026-04-10T14:45:17Z","message":"Fetching host"}
dozzle-1  | {"level":"debug","version":"v10.3.0","container":"59f88634177d","host":"Developer","time":"2026-04-10T14:45:17Z","message":"starting to stream stats"}
dozzle-1  | {"level":"debug","version":"v10.3.0","labels":{"name":["udg*"]},"host":"Developer","time":"2026-04-10T14:45:17Z","message":"Listing containers"}
dozzle-1  | {"level":"debug","version":"v10.3.0","id":"59f88634177d","time":"2026-04-10T14:45:17Z","message":"container not found"}
dozzle-1  | {"level":"debug","version":"v10.3.0","error":"container not found","containerID":"59f88634177d","event":"start","time":"2026-04-10T14:45:17Z","message":"Failed to resolve container event"}
dozzle-1  | {"level":"debug","version":"v10.3.0","id":"59f88634177d","time":"2026-04-10T14:45:17Z","message":"container not found"}
dozzle-1  | {"level":"debug","version":"v10.3.0","id":"1bc6a7981ab8","time":"2026-04-10T14:45:17Z","message":"container not found"}
dozzle-1  | {"level":"debug","version":"v10.3.0","clients":3,"failedAgents":0,"caller":"docker.(*MultiHostService).Hosts:320","deadline":"10s","time":"2026-04-10T14:45:18Z","message":"retriable manager hosts started"}
dozzle-1  | {"level":"debug","version":"v10.3.0","host":"y8qzagad6xykor1euqkjpbbly","container":"062693dc2ab0","labels":{"name":["udg*"]},"caller":"web.(*handler).streamContainerLogs:252","timeout":"10s","time":"2026-04-10T14:45:18Z","message":"multi-host find container started"}
dozzle-1  | {"level":"debug","version":"v10.3.0","labels":{"name":["udg*"]},"host":"Developer","time":"2026-04-10T14:45:18Z","message":"Listing containers"}
dozzle-1  | {"level":"debug","version":"v10.3.0","clients":3,"failedAgents":0,"caller":"docker.(*MultiHostService).Hosts:320","deadline":"10s","time":"2026-04-10T14:45:18Z","message":"retriable manager hosts started"}
dozzle-1  | {"level":"debug","version":"v10.3.0","host":"Developer","time":"2026-04-10T14:45:18Z","message":"Fetching host"}
dozzle-1  | {"level":"debug","version":"v10.3.0","host":"Developer","time":"2026-04-10T14:45:18Z","message":"Fetching host"}
dozzle-1  | {"level":"debug","version":"v10.3.0","clients":3,"failedAgents":0,"caller":"docker.(*MultiHostService).Hosts:320","deadline":"10s","time":"2026-04-10T14:45:18Z","message":"retriable manager hosts started"}
dozzle-1  | {"level":"debug","version":"v10.3.0","host":"Developer","time":"2026-04-10T14:45:18Z","message":"Fetching host"}
dozzle-1  | {"level":"debug","version":"v10.3.0","endpoint":"dozzle-release:7007","host":"Release","deadline":"9.997s","elapsed":2.428887,"time":"2026-04-10T14:45:18Z","message":"agent client host completed"}
dozzle-1  | {"level":"debug","version":"v10.3.0","host":"Release","caller":"docker.(*RetriableClientManager).Hosts.func1","elapsed":2.464441,"time":"2026-04-10T14:45:18Z","message":"agent service host completed"}
dozzle-1  | {"level":"debug","version":"v10.3.0","endpoint":"dozzle-release:7007","host":"Release","deadline":"9.997s","elapsed":2.335621,"time":"2026-04-10T14:45:18Z","message":"agent client host completed"}
dozzle-1  | {"level":"debug","version":"v10.3.0","host":"Release","caller":"docker.(*RetriableClientManager).Hosts.func1","elapsed":2.381257,"time":"2026-04-10T14:45:18Z","message":"agent service host completed"}
dozzle-1  | {"level":"debug","version":"v10.3.0","endpoint":"dozzle-test:7007","host":"Test","deadline":"9.997s","elapsed":2.734786,"time":"2026-04-10T14:45:18Z","message":"agent client host completed"}
dozzle-1  | {"level":"debug","version":"v10.3.0","host":"Test","caller":"docker.(*RetriableClientManager).Hosts.func1","elapsed":2.758574,"time":"2026-04-10T14:45:18Z","message":"agent service host completed"}
dozzle-1  | {"level":"debug","version":"v10.3.0","hosts":3,"caller":"docker.(*MultiHostService).Hosts:320","elapsed":2.928715,"time":"2026-04-10T14:45:18Z","message":"retriable manager hosts completed"}
dozzle-1  | {"level":"debug","version":"v10.3.0","endpoint":"dozzle-release:7007","host":"Release","deadline":"9.998s","elapsed":2.053194,"time":"2026-04-10T14:45:18Z","message":"agent client host completed"}
dozzle-1  | {"level":"debug","version":"v10.3.0","host":"Release","caller":"docker.(*RetriableClientManager).Hosts.func1","elapsed":2.070342,"time":"2026-04-10T14:45:18Z","message":"agent service host completed"}
dozzle-1  | {"level":"debug","version":"v10.3.0","host":"y8xpwvsse1suk1y6fqwmfgip0","labels":{"name":["udg*"]},"caller":"web.(*handler).streamEvents.func1:54","timeout":"10s","time":"2026-04-10T14:45:18Z","message":"multi-host list containers started"}
dozzle-1  | {"level":"debug","version":"v10.3.0","labels":{"name":["udg*"]},"caller":"docker.(*MultiHostService).ListContainersForHost","time":"2026-04-10T14:45:18Z","message":"agent service list containers started"}
dozzle-1  | {"level":"debug","version":"v10.3.0","host":"y8qzagad6xykor1euqkjpbbly","labels":{"name":["udg*"]},"caller":"web.(*handler).streamEvents.func1:54","timeout":"10s","time":"2026-04-10T14:45:18Z","message":"multi-host list containers started"}
dozzle-1  | {"level":"debug","version":"v10.3.0","labels":{"name":["udg*"]},"host":"Developer","time":"2026-04-10T14:45:18Z","message":"Listing containers"}
dozzle-1  | {"level":"debug","version":"v10.3.0","host":"yhjnfpu5h89b56sgrto5hxfe5","labels":{"name":["udg*"]},"caller":"web.(*handler).streamEvents.func1:54","timeout":"10s","time":"2026-04-10T14:45:18Z","message":"multi-host list containers started"}
dozzle-1  | {"level":"debug","version":"v10.3.0","labels":{"name":["udg*"]},"caller":"docker.(*MultiHostService).ListContainersForHost","time":"2026-04-10T14:45:18Z","message":"agent service list containers started"}
dozzle-1  | {"level":"debug","version":"v10.3.0","endpoint":"dozzle-test:7007","host":"Test","deadline":"9.997s","elapsed":2.556608,"time":"2026-04-10T14:45:18Z","message":"agent client host completed"}
dozzle-1  | {"level":"debug","version":"v10.3.0","host":"Test","caller":"docker.(*RetriableClientManager).Hosts.func1","elapsed":2.576552,"time":"2026-04-10T14:45:18Z","message":"agent service host completed"}
dozzle-1  | {"level":"debug","version":"v10.3.0","hosts":3,"caller":"docker.(*MultiHostService).Hosts:320","elapsed":2.642769,"time":"2026-04-10T14:45:18Z","message":"retriable manager hosts completed"}
dozzle-1  | {"level":"debug","version":"v10.3.0","host":"y8xpwvsse1suk1y6fqwmfgip0","labels":{"name":["udg*"]},"caller":"web.(*handler).streamEvents.func1:54","timeout":"10s","time":"2026-04-10T14:45:18Z","message":"multi-host list containers started"}
dozzle-1  | {"level":"debug","version":"v10.3.0","labels":{"name":["udg*"]},"caller":"docker.(*MultiHostService).ListContainersForHost","time":"2026-04-10T14:45:18Z","message":"agent service list containers started"}
dozzle-1  | {"level":"debug","version":"v10.3.0","host":"y8qzagad6xykor1euqkjpbbly","labels":{"name":["udg*"]},"caller":"web.(*handler).streamEvents.func1:54","timeout":"10s","time":"2026-04-10T14:45:18Z","message":"multi-host list containers started"}
dozzle-1  | {"level":"debug","version":"v10.3.0","labels":{"name":["udg*"]},"host":"Developer","time":"2026-04-10T14:45:18Z","message":"Listing containers"}
dozzle-1  | {"level":"debug","version":"v10.3.0","host":"yhjnfpu5h89b56sgrto5hxfe5","labels":{"name":["udg*"]},"caller":"web.(*handler).streamEvents.func1:54","timeout":"10s","time":"2026-04-10T14:45:18Z","message":"multi-host list containers started"}
dozzle-1  | {"level":"debug","version":"v10.3.0","labels":{"name":["udg*"]},"caller":"docker.(*MultiHostService).ListContainersForHost","time":"2026-04-10T14:45:18Z","message":"agent service list containers started"}
dozzle-1  | {"level":"debug","version":"v10.3.0","host":"y8qzagad6xykor1euqkjpbbly","container":"062693dc2ab0","caller":"web.(*handler).streamContainerLogs:252","elapsed":5.59394,"time":"2026-04-10T14:45:18Z","message":"multi-host find container completed"}
dozzle-1  | {"level":"debug","version":"v10.3.0","labels":{"name":["udg*"]},"caller":"docker.(*MultiHostService).ListAllContainers.func1","time":"2026-04-10T14:45:18Z","message":"agent service list containers started"}
dozzle-1  | {"level":"debug","version":"v10.3.0","labels":{"name":["udg*"]},"host":"Developer","time":"2026-04-10T14:45:18Z","message":"Listing containers"}
dozzle-1  | {"level":"debug","version":"v10.3.0","labels":{"name":["udg*"]},"caller":"docker.(*MultiHostService).ListAllContainers.func1","time":"2026-04-10T14:45:18Z","message":"agent service list containers started"}
dozzle-1  | {"level":"debug","version":"v10.3.0","endpoint":"dozzle-test:7007","host":"Test","deadline":"9.993s","elapsed":6.316901,"time":"2026-04-10T14:45:18Z","message":"agent client host completed"}
dozzle-1  | {"level":"debug","version":"v10.3.0","host":"Test","caller":"docker.(*RetriableClientManager).Hosts.func1","elapsed":6.334841,"time":"2026-04-10T14:45:18Z","message":"agent service host completed"}
dozzle-1  | {"level":"debug","version":"v10.3.0","hosts":3,"caller":"docker.(*MultiHostService).Hosts:320","elapsed":6.670498,"time":"2026-04-10T14:45:18Z","message":"retriable manager hosts completed"}
dozzle-1  | {"level":"debug","version":"v10.3.0","host":"y8xpwvsse1suk1y6fqwmfgip0","labels":{"name":["udg*"]},"caller":"web.(*handler).streamEvents.func1:54","timeout":"10s","time":"2026-04-10T14:45:18Z","message":"multi-host list containers started"}
dozzle-1  | {"level":"debug","version":"v10.3.0","labels":{"name":["udg*"]},"caller":"docker.(*MultiHostService).ListContainersForHost","time":"2026-04-10T14:45:18Z","message":"agent service list containers started"}
dozzle-1  | {"level":"debug","version":"v10.3.0","host":"yhjnfpu5h89b56sgrto5hxfe5","labels":{"name":["udg*"]},"caller":"web.(*handler).streamEvents.func1:54","timeout":"10s","time":"2026-04-10T14:45:18Z","message":"multi-host list containers started"}
dozzle-1  | {"level":"debug","version":"v10.3.0","labels":{"name":["udg*"]},"caller":"docker.(*MultiHostService).ListContainersForHost","time":"2026-04-10T14:45:18Z","message":"agent service list containers started"}
dozzle-1  | {"level":"debug","version":"v10.3.0","host":"y8qzagad6xykor1euqkjpbbly","labels":{"name":["udg*"]},"caller":"web.(*handler).streamEvents.func1:54","timeout":"10s","time":"2026-04-10T14:45:18Z","message":"multi-host list containers started"}
dozzle-1  | {"level":"debug","version":"v10.3.0","labels":{"name":["udg*"]},"host":"Developer","time":"2026-04-10T14:45:18Z","message":"Listing containers"}
dozzle-1  | {"level":"debug","version":"v10.3.0","clients":3,"failedAgents":0,"caller":"docker.(*MultiHostService).Hosts:320","deadline":"10s","time":"2026-04-10T14:45:18Z","message":"retriable manager hosts started"}
dozzle-1  | {"level":"debug","version":"v10.3.0","clients":3,"failedAgents":0,"caller":"docker.(*MultiHostService).Hosts:320","deadline":"10s","time":"2026-04-10T14:45:18Z","message":"retriable manager hosts started"}
dozzle-1  | {"level":"debug","version":"v10.3.0","host":"Developer","time":"2026-04-10T14:45:18Z","message":"Fetching host"}
dozzle-1  | {"level":"debug","version":"v10.3.0","host":"Developer","time":"2026-04-10T14:45:18Z","message":"Fetching host"}
dozzle-1  | {"level":"debug","version":"v10.3.0","clients":3,"failedAgents":0,"caller":"docker.(*MultiHostService).Hosts:320","deadline":"10s","time":"2026-04-10T14:45:18Z","message":"retriable manager hosts started"}
dozzle-1  | {"level":"debug","version":"v10.3.0","endpoint":"dozzle-test:7007","host":"Test","deadline":"9.998s","elapsed":1.929331,"time":"2026-04-10T14:45:18Z","message":"agent client host completed"}
dozzle-1  | {"level":"debug","version":"v10.3.0","host":"Test","caller":"docker.(*RetriableClientManager).Hosts.func1","elapsed":1.958866,"time":"2026-04-10T14:45:18Z","message":"agent service host completed"}
dozzle-1  | {"level":"debug","version":"v10.3.0","host":"y8qzagad6xykor1euqkjpbbly","labels":{"name":["udg*"]},"count":2,"caller":"web.(*handler).streamEvents.func1:54","elapsed":5.709078,"time":"2026-04-10T14:45:18Z","message":"multi-host list containers completed"}
dozzle-1  | {"level":"debug","version":"v10.3.0","endpoint":"dozzle-test:7007","host":"Test","deadline":"9.998s","elapsed":2.153726,"time":"2026-04-10T14:45:18Z","message":"agent client host completed"}
dozzle-1  | {"level":"debug","version":"v10.3.0","host":"Test","caller":"docker.(*RetriableClientManager).Hosts.func1","elapsed":2.179104,"time":"2026-04-10T14:45:18Z","message":"agent service host completed"}
dozzle-1  | {"level":"debug","version":"v10.3.0","host":"Developer","time":"2026-04-10T14:45:18Z","message":"Fetching host"}
dozzle-1  | {"level":"debug","version":"v10.3.0","endpoint":"dozzle-release:7007","host":"Release","deadline":"9.995s","elapsed":4.480472,"time":"2026-04-10T14:45:18Z","message":"agent client host completed"}
dozzle-1  | {"level":"debug","version":"v10.3.0","host":"Release","caller":"docker.(*RetriableClientManager).Hosts.func1","elapsed":4.510526,"time":"2026-04-10T14:45:18Z","message":"agent service host completed"}
dozzle-1  | {"level":"debug","version":"v10.3.0","hosts":3,"caller":"docker.(*MultiHostService).Hosts:320","elapsed":4.685962,"time":"2026-04-10T14:45:18Z","message":"retriable manager hosts completed"}
dozzle-1  | {"level":"debug","version":"v10.3.0","clients":3,"failedAgents":0,"caller":"docker.(*MultiHostService).Hosts:320","deadline":"10s","time":"2026-04-10T14:45:18Z","message":"retriable manager hosts started"}
dozzle-1  | {"level":"debug","version":"v10.3.0","host":"Developer","time":"2026-04-10T14:45:18Z","message":"Fetching host"}
dozzle-1  | {"level":"debug","version":"v10.3.0","host":"y8qzagad6xykor1euqkjpbbly","labels":{"name":["udg*"]},"count":2,"caller":"web.(*handler).streamEvents.func1:54","elapsed":8.733098,"time":"2026-04-10T14:45:18Z","message":"multi-host list containers completed"}
dozzle-1  | {"level":"debug","version":"v10.3.0","endpoint":"dozzle-release:7007","host":"Release","deadline":"9.997s","elapsed":1.767268,"time":"2026-04-10T14:45:18Z","message":"agent client host completed"}
dozzle-1  | {"level":"debug","version":"v10.3.0","host":"Release","caller":"docker.(*RetriableClientManager).Hosts.func1","elapsed":2.926631,"time":"2026-04-10T14:45:18Z","message":"agent service host completed"}
dozzle-1  | {"level":"debug","version":"v10.3.0","endpoint":"dozzle-release:7007","host":"Release","deadline":"9.995s","elapsed":4.423573,"time":"2026-04-10T14:45:18Z","message":"agent client host completed"}
dozzle-1  | {"level":"debug","version":"v10.3.0","host":"Release","caller":"docker.(*RetriableClientManager).Hosts.func1","elapsed":5.846963,"time":"2026-04-10T14:45:18Z","message":"agent service host completed"}
dozzle-1  | {"level":"debug","version":"v10.3.0","hosts":3,"caller":"docker.(*MultiHostService).Hosts:320","elapsed":6.027602,"time":"2026-04-10T14:45:18Z","message":"retriable manager hosts completed"}
dozzle-1  | {"level":"debug","version":"v10.3.0","clients":3,"failedAgents":0,"caller":"docker.(*MultiHostService).Hosts:320","deadline":"10s","time":"2026-04-10T14:45:18Z","message":"retriable manager hosts started"}
dozzle-1  | {"level":"debug","version":"v10.3.0","host":"y8qzagad6xykor1euqkjpbbly","labels":{"name":["udg*"]},"count":2,"caller":"web.(*handler).streamEvents.func1:54","elapsed":6.536984,"time":"2026-04-10T14:45:18Z","message":"multi-host list containers completed"}
dozzle-1  | {"level":"debug","version":"v10.3.0","host":"Developer","time":"2026-04-10T14:45:18Z","message":"Fetching host"}
dozzle-1  | {"level":"debug","version":"v10.3.0","endpoint":"dozzle-test:7007","host":"Test","deadline":"9.995s","elapsed":3.554039,"time":"2026-04-10T14:45:18Z","message":"agent client host completed"}
dozzle-1  | {"level":"debug","version":"v10.3.0","host":"Test","caller":"docker.(*RetriableClientManager).Hosts.func1","elapsed":3.594642,"time":"2026-04-10T14:45:18Z","message":"agent service host completed"}
dozzle-1  | {"level":"debug","version":"v10.3.0","hosts":3,"caller":"docker.(*MultiHostService).Hosts:320","elapsed":4.710376,"time":"2026-04-10T14:45:18Z","message":"retriable manager hosts completed"}
dozzle-1  | {"level":"debug","version":"v10.3.0","clients":3,"failedAgents":0,"caller":"docker.(*MultiHostService).Hosts:320","deadline":"10s","time":"2026-04-10T14:45:18Z","message":"retriable manager hosts started"}
dozzle-1  | {"level":"debug","version":"v10.3.0","endpoint":"dozzle-test:7007","host":"Test","deadline":"9.998s","elapsed":2.012096,"time":"2026-04-10T14:45:18Z","message":"agent client host completed"}
dozzle-1  | {"level":"debug","version":"v10.3.0","host":"Test","caller":"docker.(*RetriableClientManager).Hosts.func1","elapsed":2.07348,"time":"2026-04-10T14:45:18Z","message":"agent service host completed"}
dozzle-1  | {"level":"debug","version":"v10.3.0","host":"Developer","time":"2026-04-10T14:45:18Z","message":"Fetching host"}
dozzle-1  | {"level":"debug","version":"v10.3.0","endpoint":"dozzle-release:7007","labels":{"name":["udg*"]},"count":3,"deadline":"9.989s","elapsed":10.831846,"time":"2026-04-10T14:45:18Z","message":"agent client list containers completed"}
dozzle-1  | {"level":"debug","version":"v10.3.0","labels":{"name":["udg*"]},"count":3,"caller":"docker.(*MultiHostService).ListContainersForHost","elapsed":10.885222,"time":"2026-04-10T14:45:18Z","message":"agent service list containers completed"}
dozzle-1  | {"level":"debug","version":"v10.3.0","host":"y8xpwvsse1suk1y6fqwmfgip0","labels":{"name":["udg*"]},"count":3,"caller":"web.(*handler).streamEvents.func1:54","elapsed":10.944815,"time":"2026-04-10T14:45:18Z","message":"multi-host list containers completed"}
dozzle-1  | {"level":"debug","version":"v10.3.0","endpoint":"dozzle-test:7007","labels":{"name":["udg*"]},"count":2,"deadline":"9.989s","elapsed":10.976407,"time":"2026-04-10T14:45:18Z","message":"agent client list containers completed"}
dozzle-1  | {"level":"debug","version":"v10.3.0","labels":{"name":["udg*"]},"count":2,"caller":"docker.(*MultiHostService).ListContainersForHost","elapsed":11.070941,"time":"2026-04-10T14:45:18Z","message":"agent service list containers completed"}
dozzle-1  | {"level":"debug","version":"v10.3.0","host":"yhjnfpu5h89b56sgrto5hxfe5","labels":{"name":["udg*"]},"count":2,"caller":"web.(*handler).streamEvents.func1:54","elapsed":11.25063,"time":"2026-04-10T14:45:18Z","message":"multi-host list containers completed"}
dozzle-1  | {"level":"debug","version":"v10.3.0","endpoint":"dozzle-release:7007","labels":{"name":["udg*"]},"count":3,"deadline":"9.989s","elapsed":10.282377,"time":"2026-04-10T14:45:18Z","message":"agent client list containers completed"}
dozzle-1  | {"level":"debug","version":"v10.3.0","endpoint":"dozzle-test:7007","labels":{"name":["udg*"]},"count":2,"deadline":"9.991s","elapsed":8.811333,"time":"2026-04-10T14:45:18Z","message":"agent client list containers completed"}
dozzle-1  | {"level":"debug","version":"v10.3.0","labels":{"name":["udg*"]},"count":2,"caller":"docker.(*MultiHostService).ListAllContainers.func1","elapsed":8.875584,"time":"2026-04-10T14:45:18Z","message":"agent service list containers completed"}
dozzle-1  | {"level":"debug","version":"v10.3.0","labels":{"name":["udg*"]},"count":3,"caller":"docker.(*MultiHostService).ListContainersForHost","elapsed":10.432456,"time":"2026-04-10T14:45:18Z","message":"agent service list containers completed"}
dozzle-1  | {"level":"debug","version":"v10.3.0","host":"y8xpwvsse1suk1y6fqwmfgip0","labels":{"name":["udg*"]},"count":3,"caller":"web.(*handler).streamEvents.func1:54","elapsed":11.046478,"time":"2026-04-10T14:45:18Z","message":"multi-host list containers completed"}
dozzle-1  | {"level":"debug","version":"v10.3.0","endpoint":"dozzle-release:7007","labels":{"name":["udg*"]},"count":3,"deadline":"9.992s","elapsed":7.753523,"time":"2026-04-10T14:45:18Z","message":"agent client list containers completed"}
dozzle-1  | {"level":"debug","version":"v10.3.0","endpoint":"dozzle-test:7007","labels":{"name":["udg*"]},"count":2,"deadline":"9.989s","elapsed":9.079719,"time":"2026-04-10T14:45:18Z","message":"agent client list containers completed"}
dozzle-1  | {"level":"debug","version":"v10.3.0","labels":{"name":["udg*"]},"count":2,"caller":"docker.(*MultiHostService).ListContainersForHost","elapsed":9.121316,"time":"2026-04-10T14:45:18Z","message":"agent service list containers completed"}
dozzle-1  | {"level":"debug","version":"v10.3.0","host":"yhjnfpu5h89b56sgrto5hxfe5","labels":{"name":["udg*"]},"count":2,"caller":"web.(*handler).streamEvents.func1:54","elapsed":11.12864,"time":"2026-04-10T14:45:18Z","message":"multi-host list containers completed"}
dozzle-1  | {"level":"debug","version":"v10.3.0","labels":{"name":["udg*"]},"count":3,"caller":"docker.(*MultiHostService).ListContainersForHost","elapsed":7.793797,"time":"2026-04-10T14:45:18Z","message":"agent service list containers completed"}
dozzle-1  | {"level":"debug","version":"v10.3.0","host":"y8xpwvsse1suk1y6fqwmfgip0","labels":{"name":["udg*"]},"count":3,"caller":"web.(*handler).streamEvents.func1:54","elapsed":7.885682,"time":"2026-04-10T14:45:18Z","message":"multi-host list containers completed"}
dozzle-1  | {"level":"debug","version":"v10.3.0","endpoint":"dozzle-test:7007","host":"Test","deadline":"9.999s","elapsed":1.292309,"time":"2026-04-10T14:45:18Z","message":"agent client host completed"}
dozzle-1  | {"level":"debug","version":"v10.3.0","host":"Test","caller":"docker.(*RetriableClientManager).Hosts.func1","elapsed":1.309627,"time":"2026-04-10T14:45:18Z","message":"agent service host completed"}
dozzle-1  | {"level":"debug","version":"v10.3.0","endpoint":"dozzle-test:7007","host":"Test","deadline":"9.998s","elapsed":1.587333,"time":"2026-04-10T14:45:18Z","message":"agent client host completed"}
dozzle-1  | {"level":"debug","version":"v10.3.0","host":"Test","caller":"docker.(*RetriableClientManager).Hosts.func1","elapsed":1.61542,"time":"2026-04-10T14:45:18Z","message":"agent service host completed"}
dozzle-1  | {"level":"debug","version":"v10.3.0","endpoint":"dozzle-release:7007","host":"Release","deadline":"9.999s","elapsed":1.060672,"time":"2026-04-10T14:45:18Z","message":"agent client host completed"}
dozzle-1  | {"level":"debug","version":"v10.3.0","host":"Release","caller":"docker.(*RetriableClientManager).Hosts.func1","elapsed":1.115049,"time":"2026-04-10T14:45:18Z","message":"agent service host completed"}
dozzle-1  | {"level":"debug","version":"v10.3.0","hosts":3,"caller":"docker.(*MultiHostService).Hosts:320","elapsed":1.520055,"time":"2026-04-10T14:45:18Z","message":"retriable manager hosts completed"}
dozzle-1  | {"level":"debug","version":"v10.3.0","endpoint":"dozzle-release:7007","host":"Release","deadline":"9.997s","elapsed":3.135822,"time":"2026-04-10T14:45:18Z","message":"agent client host completed"}
dozzle-1  | {"level":"debug","version":"v10.3.0","host":"Release","caller":"docker.(*RetriableClientManager).Hosts.func1","elapsed":3.203059,"time":"2026-04-10T14:45:18Z","message":"agent service host completed"}
dozzle-1  | {"level":"debug","version":"v10.3.0","hosts":3,"caller":"docker.(*MultiHostService).Hosts:320","elapsed":3.359018,"time":"2026-04-10T14:45:18Z","message":"retriable manager hosts completed"}
dozzle-1  | {"level":"debug","version":"v10.3.0","endpoint":"dozzle-release:7007","host":"Release","deadline":"9.998s","elapsed":1.892718,"time":"2026-04-10T14:45:18Z","message":"agent client host completed"}
dozzle-1  | {"level":"debug","version":"v10.3.0","host":"Release","caller":"docker.(*RetriableClientManager).Hosts.func1","elapsed":1.906559,"time":"2026-04-10T14:45:18Z","message":"agent service host completed"}
dozzle-1  | {"level":"debug","version":"v10.3.0","hosts":3,"caller":"docker.(*MultiHostService).Hosts:320","elapsed":2.121789,"time":"2026-04-10T14:45:18Z","message":"retriable manager hosts completed"}
dozzle-1  | {"level":"debug","version":"v10.3.0","endpoint":"dozzle-test:7007","labels":{"name":["udg*"]},"count":2,"deadline":"9.991s","elapsed":8.956496,"time":"2026-04-10T14:45:18Z","message":"agent client list containers completed"}
dozzle-1  | {"level":"debug","version":"v10.3.0","labels":{"name":["udg*"]},"count":2,"caller":"docker.(*MultiHostService).ListContainersForHost","elapsed":8.995601,"time":"2026-04-10T14:45:18Z","message":"agent service list containers completed"}
dozzle-1  | {"level":"debug","version":"v10.3.0","host":"yhjnfpu5h89b56sgrto5hxfe5","labels":{"name":["udg*"]},"count":2,"caller":"web.(*handler).streamEvents.func1:54","elapsed":9.075928,"time":"2026-04-10T14:45:18Z","message":"multi-host list containers completed"}
dozzle-1  | {"level":"debug","version":"v10.3.0","endpoint":"dozzle-release:7007","labels":{"name":["udg*"]},"count":3,"deadline":"9.99s","elapsed":9.995694,"time":"2026-04-10T14:45:18Z","message":"agent client list containers completed"}
dozzle-1  | {"level":"debug","version":"v10.3.0","labels":{"name":["udg*"]},"count":3,"caller":"docker.(*MultiHostService).ListAllContainers.func1","elapsed":10.052344,"time":"2026-04-10T14:45:18Z","message":"agent service list containers completed"}
dozzle-1  | {"level":"debug","version":"v10.3.0","host":"y8qzagad6xykor1euqkjpbbly","container":"062693dc2ab0","labels":{"name":["udg*"]},"caller":"web.(*handler).streamLogsForContainers.func2:424","timeout":"10s","time":"2026-04-10T14:45:18Z","message":"multi-host find container started"}
dozzle-1  | {"level":"debug","version":"v10.3.0","labels":{"name":["udg*"]},"host":"Developer","time":"2026-04-10T14:45:18Z","message":"Listing containers"}
dozzle-1  | {"level":"debug","version":"v10.3.0","host":"y8qzagad6xykor1euqkjpbbly","container":"062693dc2ab0","caller":"web.(*handler).streamLogsForContainers.func2:424","elapsed":4.955987,"time":"2026-04-10T14:45:18Z","message":"multi-host find container completed"}
dozzle-1  | {"level":"debug","version":"v10.3.0","id":"062693dc2ab0","since":"2026-04-10T11:34:17Z","stdType":"all","host":"Developer","time":"2026-04-10T14:45:18Z","message":"Streaming logs for container"}
dozzle-1  | {"level":"debug","version":"v10.3.0","allocated":"19 MB","totalAllocated":"33 MB","system":"38 MB","routines":131,"time":"2026-04-10T14:45:18Z","message":"runtime mem stats"}
dozzle-1  | {"level":"debug","version":"v10.3.0","clients":3,"failedAgents":0,"caller":"docker.(*MultiHostService).Hosts:320","deadline":"10s","time":"2026-04-10T14:45:18Z","message":"retriable manager hosts started"}
dozzle-1  | {"level":"debug","version":"v10.3.0","host":"Developer","time":"2026-04-10T14:45:18Z","message":"Fetching host"}
dozzle-1  | {"level":"debug","version":"v10.3.0","endpoint":"dozzle-test:7007","host":"Test","deadline":"9.998s","elapsed":1.434895,"time":"2026-04-10T14:45:18Z","message":"agent client host completed"}
dozzle-1  | {"level":"debug","version":"v10.3.0","host":"Test","caller":"docker.(*RetriableClientManager).Hosts.func1","elapsed":1.475492,"time":"2026-04-10T14:45:18Z","message":"agent service host completed"}
dozzle-1  | {"level":"debug","version":"v10.3.0","endpoint":"dozzle-release:7007","host":"Release","deadline":"9.998s","elapsed":1.582759,"time":"2026-04-10T14:45:18Z","message":"agent client host completed"}
dozzle-1  | {"level":"debug","version":"v10.3.0","host":"Release","caller":"docker.(*RetriableClientManager).Hosts.func1","elapsed":1.604962,"time":"2026-04-10T14:45:18Z","message":"agent service host completed"}
dozzle-1  | {"level":"debug","version":"v10.3.0","hosts":3,"caller":"docker.(*MultiHostService).Hosts:320","elapsed":1.809109,"time":"2026-04-10T14:45:18Z","message":"retriable manager hosts completed"}
dozzle-1  | {"level":"debug","version":"v10.3.0","host":"y8qzagad6xykor1euqkjpbbly","labels":{"name":["udg*"]},"caller":"web.(*handler).streamEvents.func1:54","timeout":"10s","time":"2026-04-10T14:45:18Z","message":"multi-host list containers started"}
dozzle-1  | {"level":"debug","version":"v10.3.0","labels":{"name":["udg*"]},"host":"Developer","time":"2026-04-10T14:45:18Z","message":"Listing containers"}
dozzle-1  | {"level":"debug","version":"v10.3.0","host":"y8xpwvsse1suk1y6fqwmfgip0","labels":{"name":["udg*"]},"caller":"web.(*handler).streamEvents.func1:54","timeout":"10s","time":"2026-04-10T14:45:18Z","message":"multi-host list containers started"}
dozzle-1  | {"level":"debug","version":"v10.3.0","labels":{"name":["udg*"]},"caller":"docker.(*MultiHostService).ListContainersForHost","time":"2026-04-10T14:45:18Z","message":"agent service list containers started"}
dozzle-1  | {"level":"debug","version":"v10.3.0","host":"yhjnfpu5h89b56sgrto5hxfe5","labels":{"name":["udg*"]},"caller":"web.(*handler).streamEvents.func1:54","timeout":"10s","time":"2026-04-10T14:45:18Z","message":"multi-host list containers started"}
dozzle-1  | {"level":"debug","version":"v10.3.0","labels":{"name":["udg*"]},"caller":"docker.(*MultiHostService).ListContainersForHost","time":"2026-04-10T14:45:18Z","message":"agent service list containers started"}
dozzle-1  | {"level":"debug","version":"v10.3.0","clients":3,"failedAgents":0,"caller":"docker.(*MultiHostService).Hosts:320","deadline":"10s","time":"2026-04-10T14:45:18Z","message":"retriable manager hosts started"}
dozzle-1  | {"level":"debug","version":"v10.3.0","host":"Developer","time":"2026-04-10T14:45:18Z","message":"Fetching host"}
dozzle-1  | {"level":"debug","version":"v10.3.0","endpoint":"dozzle-test:7007","host":"Test","deadline":"9.999s","elapsed":0.863619,"time":"2026-04-10T14:45:18Z","message":"agent client host completed"}
dozzle-1  | {"level":"debug","version":"v10.3.0","host":"Test","caller":"docker.(*RetriableClientManager).Hosts.func1","elapsed":0.90643,"time":"2026-04-10T14:45:18Z","message":"agent service host completed"}
dozzle-1  | {"level":"debug","version":"v10.3.0","endpoint":"dozzle-release:7007","host":"Release","deadline":"9.999s","elapsed":0.868854,"time":"2026-04-10T14:45:18Z","message":"agent client host completed"}
dozzle-1  | {"level":"debug","version":"v10.3.0","host":"Release","caller":"docker.(*RetriableClientManager).Hosts.func1","elapsed":0.890887,"time":"2026-04-10T14:45:18Z","message":"agent service host completed"}
dozzle-1  | {"level":"debug","version":"v10.3.0","hosts":3,"caller":"docker.(*MultiHostService).Hosts:320","elapsed":1.014297,"time":"2026-04-10T14:45:18Z","message":"retriable manager hosts completed"}
dozzle-1  | {"level":"debug","version":"v10.3.0","clients":3,"failedAgents":0,"caller":"docker.(*MultiHostService).Hosts:320","deadline":"10s","time":"2026-04-10T14:45:18Z","message":"retriable manager hosts started"}
dozzle-1  | {"level":"debug","version":"v10.3.0","host":"Developer","time":"2026-04-10T14:45:18Z","message":"Fetching host"}
dozzle-1  | {"level":"debug","version":"v10.3.0","endpoint":"dozzle-release:7007","host":"Release","deadline":"9.999s","elapsed":0.778328,"time":"2026-04-10T14:45:18Z","message":"agent client host completed"}
dozzle-1  | {"level":"debug","version":"v10.3.0","host":"Release","caller":"docker.(*RetriableClientManager).Hosts.func1","elapsed":0.807226,"time":"2026-04-10T14:45:18Z","message":"agent service host completed"}
dozzle-1  | {"level":"debug","version":"v10.3.0","endpoint":"dozzle-test:7007","host":"Test","deadline":"9.999s","elapsed":1.109064,"time":"2026-04-10T14:45:18Z","message":"agent client host completed"}
dozzle-1  | {"level":"debug","version":"v10.3.0","host":"Test","caller":"docker.(*RetriableClientManager).Hosts.func1","elapsed":1.144515,"time":"2026-04-10T14:45:18Z","message":"agent service host completed"}
dozzle-1  | {"level":"debug","version":"v10.3.0","hosts":3,"caller":"docker.(*MultiHostService).Hosts:320","elapsed":1.193178,"time":"2026-04-10T14:45:18Z","message":"retriable manager hosts completed"}
dozzle-1  | {"level":"debug","version":"v10.3.0","host":"y8qzagad6xykor1euqkjpbbly","labels":{"name":["udg*"]},"count":2,"caller":"web.(*handler).streamEvents.func1:54","elapsed":4.656337,"time":"2026-04-10T14:45:18Z","message":"multi-host list containers completed"}
dozzle-1  | {"level":"debug","version":"v10.3.0","endpoint":"dozzle-release:7007","labels":{"name":["udg*"]},"count":3,"deadline":"9.994s","elapsed":6.141289,"time":"2026-04-10T14:45:18Z","message":"agent client list containers completed"}
dozzle-1  | {"level":"debug","version":"v10.3.0","labels":{"name":["udg*"]},"count":3,"caller":"docker.(*MultiHostService).ListContainersForHost","elapsed":6.219784,"time":"2026-04-10T14:45:18Z","message":"agent service list containers completed"}
dozzle-1  | {"level":"debug","version":"v10.3.0","host":"y8xpwvsse1suk1y6fqwmfgip0","labels":{"name":["udg*"]},"count":3,"caller":"web.(*handler).streamEvents.func1:54","elapsed":6.303943,"time":"2026-04-10T14:45:18Z","message":"multi-host list containers completed"}
dozzle-1  | {"level":"debug","version":"v10.3.0","endpoint":"dozzle-test:7007","labels":{"name":["udg*"]},"count":2,"deadline":"9.993s","elapsed":6.557666,"time":"2026-04-10T14:45:18Z","message":"agent client list containers completed"}
dozzle-1  | {"level":"debug","version":"v10.3.0","labels":{"name":["udg*"]},"count":2,"caller":"docker.(*MultiHostService).ListContainersForHost","elapsed":6.621282,"time":"2026-04-10T14:45:18Z","message":"agent service list containers completed"}
dozzle-1  | {"level":"debug","version":"v10.3.0","host":"yhjnfpu5h89b56sgrto5hxfe5","labels":{"name":["udg*"]},"count":2,"caller":"web.(*handler).streamEvents.func1:54","elapsed":6.83114,"time":"2026-04-10T14:45:18Z","message":"multi-host list containers completed"}
dozzle-1  | {"level":"debug","version":"v10.3.0","allocated":"21 MB","totalAllocated":"35 MB","system":"38 MB","routines":133,"time":"2026-04-10T14:45:18Z","message":"runtime mem stats"}
dozzle-1  | {"level":"debug","version":"v10.3.0","clients":3,"failedAgents":0,"caller":"docker.(*MultiHostService).Hosts:320","deadline":"10s","time":"2026-04-10T14:45:18Z","message":"retriable manager hosts started"}
dozzle-1  | {"level":"debug","version":"v10.3.0","host":"Developer","time":"2026-04-10T14:45:18Z","message":"Fetching host"}
dozzle-1  | {"level":"debug","version":"v10.3.0","endpoint":"dozzle-release:7007","host":"Release","deadline":"9.998s","elapsed":1.364855,"time":"2026-04-10T14:45:18Z","message":"agent client host completed"}
dozzle-1  | {"level":"debug","version":"v10.3.0","host":"Release","caller":"docker.(*RetriableClientManager).Hosts.func1","elapsed":1.415702,"time":"2026-04-10T14:45:18Z","message":"agent service host completed"}
dozzle-1  | {"level":"debug","version":"v10.3.0","endpoint":"dozzle-test:7007","host":"Test","deadline":"9.998s","elapsed":1.460392,"time":"2026-04-10T14:45:18Z","message":"agent client host completed"}
dozzle-1  | {"level":"debug","version":"v10.3.0","host":"Test","caller":"docker.(*RetriableClientManager).Hosts.func1","elapsed":1.514116,"time":"2026-04-10T14:45:18Z","message":"agent service host completed"}
dozzle-1  | {"level":"debug","version":"v10.3.0","hosts":3,"caller":"docker.(*MultiHostService).Hosts:320","elapsed":1.628089,"time":"2026-04-10T14:45:18Z","message":"retriable manager hosts completed"}
dozzle-1  | {"level":"debug","version":"v10.3.0","host":"y8xpwvsse1suk1y6fqwmfgip0","labels":{"name":["udg*"]},"caller":"web.(*handler).streamEvents.func1:54","timeout":"10s","time":"2026-04-10T14:45:18Z","message":"multi-host list containers started"}
dozzle-1  | {"level":"debug","version":"v10.3.0","labels":{"name":["udg*"]},"caller":"docker.(*MultiHostService).ListContainersForHost","time":"2026-04-10T14:45:18Z","message":"agent service list containers started"}
dozzle-1  | {"level":"debug","version":"v10.3.0","host":"yhjnfpu5h89b56sgrto5hxfe5","labels":{"name":["udg*"]},"caller":"web.(*handler).streamEvents.func1:54","timeout":"10s","time":"2026-04-10T14:45:18Z","message":"multi-host list containers started"}
dozzle-1  | {"level":"debug","version":"v10.3.0","labels":{"name":["udg*"]},"caller":"docker.(*MultiHostService).ListContainersForHost","time":"2026-04-10T14:45:18Z","message":"agent service list containers started"}
dozzle-1  | {"level":"debug","version":"v10.3.0","host":"y8qzagad6xykor1euqkjpbbly","labels":{"name":["udg*"]},"caller":"web.(*handler).streamEvents.func1:54","timeout":"10s","time":"2026-04-10T14:45:18Z","message":"multi-host list containers started"}
dozzle-1  | {"level":"debug","version":"v10.3.0","labels":{"name":["udg*"]},"host":"Developer","time":"2026-04-10T14:45:18Z","message":"Listing containers"}
dozzle-1  | {"level":"debug","version":"v10.3.0","clients":3,"failedAgents":0,"caller":"docker.(*MultiHostService).Hosts:320","deadline":"10s","time":"2026-04-10T14:45:18Z","message":"retriable manager hosts started"}
dozzle-1  | {"level":"debug","version":"v10.3.0","host":"Developer","time":"2026-04-10T14:45:18Z","message":"Fetching host"}
dozzle-1  | {"level":"debug","version":"v10.3.0","endpoint":"dozzle-release:7007","host":"Release","deadline":"9.999s","elapsed":1.049791,"time":"2026-04-10T14:45:18Z","message":"agent client host completed"}
dozzle-1  | {"level":"debug","version":"v10.3.0","host":"Release","caller":"docker.(*RetriableClientManager).Hosts.func1","elapsed":1.165582,"time":"2026-04-10T14:45:18Z","message":"agent service host completed"}
dozzle-1  | {"level":"debug","version":"v10.3.0","endpoint":"dozzle-test:7007","host":"Test","deadline":"9.999s","elapsed":1.16106,"time":"2026-04-10T14:45:18Z","message":"agent client host completed"}
dozzle-1  | {"level":"debug","version":"v10.3.0","host":"Test","caller":"docker.(*RetriableClientManager).Hosts.func1","elapsed":1.282775,"time":"2026-04-10T14:45:18Z","message":"agent service host completed"}
dozzle-1  | {"level":"debug","version":"v10.3.0","hosts":3,"caller":"docker.(*MultiHostService).Hosts:320","elapsed":1.429526,"time":"2026-04-10T14:45:18Z","message":"retriable manager hosts completed"}
dozzle-1  | {"level":"debug","version":"v10.3.0","clients":3,"failedAgents":0,"caller":"docker.(*MultiHostService).Hosts:320","deadline":"10s","time":"2026-04-10T14:45:18Z","message":"retriable manager hosts started"}
dozzle-1  | {"level":"debug","version":"v10.3.0","host":"Developer","time":"2026-04-10T14:45:18Z","message":"Fetching host"}
dozzle-1  | {"level":"debug","version":"v10.3.0","endpoint":"dozzle-test:7007","host":"Test","deadline":"9.999s","elapsed":0.857061,"time":"2026-04-10T14:45:18Z","message":"agent client host completed"}
dozzle-1  | {"level":"debug","version":"v10.3.0","host":"Test","caller":"docker.(*RetriableClientManager).Hosts.func1","elapsed":0.891416,"time":"2026-04-10T14:45:18Z","message":"agent service host completed"}
dozzle-1  | {"level":"debug","version":"v10.3.0","host":"y8qzagad6xykor1euqkjpbbly","labels":{"name":["udg*"]},"count":2,"caller":"web.(*handler).streamEvents.func1:54","elapsed":3.57334,"time":"2026-04-10T14:45:18Z","message":"multi-host list containers completed"}
dozzle-1  | {"level":"debug","version":"v10.3.0","endpoint":"dozzle-release:7007","host":"Release","deadline":"9.998s","elapsed":2.255311,"time":"2026-04-10T14:45:18Z","message":"agent client host completed"}
dozzle-1  | {"level":"debug","version":"v10.3.0","host":"Release","caller":"docker.(*RetriableClientManager).Hosts.func1","elapsed":2.284663,"time":"2026-04-10T14:45:18Z","message":"agent service host completed"}
dozzle-1  | {"level":"debug","version":"v10.3.0","hosts":3,"caller":"docker.(*MultiHostService).Hosts:320","elapsed":2.420665,"time":"2026-04-10T14:45:18Z","message":"retriable manager hosts completed"}
dozzle-1  | {"level":"debug","version":"v10.3.0","endpoint":"dozzle-test:7007","labels":{"name":["udg*"]},"count":2,"deadline":"9.994s","elapsed":6.194425,"time":"2026-04-10T14:45:18Z","message":"agent client list containers completed"}
dozzle-1  | {"level":"debug","version":"v10.3.0","labels":{"name":["udg*"]},"count":2,"caller":"docker.(*MultiHostService).ListContainersForHost","elapsed":6.258915,"time":"2026-04-10T14:45:18Z","message":"agent service list containers completed"}
dozzle-1  | {"level":"debug","version":"v10.3.0","host":"yhjnfpu5h89b56sgrto5hxfe5","labels":{"name":["udg*"]},"count":2,"caller":"web.(*handler).streamEvents.func1:54","elapsed":6.395729,"time":"2026-04-10T14:45:18Z","message":"multi-host list containers completed"}
dozzle-1  | {"level":"debug","version":"v10.3.0","endpoint":"dozzle-release:7007","labels":{"name":["udg*"]},"count":3,"deadline":"9.993s","elapsed":6.82144,"time":"2026-04-10T14:45:18Z","message":"agent client list containers completed"}
dozzle-1  | {"level":"debug","version":"v10.3.0","labels":{"name":["udg*"]},"count":3,"caller":"docker.(*MultiHostService).ListContainersForHost","elapsed":6.887114,"time":"2026-04-10T14:45:18Z","message":"agent service list containers completed"}
dozzle-1  | {"level":"debug","version":"v10.3.0","host":"y8xpwvsse1suk1y6fqwmfgip0","labels":{"name":["udg*"]},"count":3,"caller":"web.(*handler).streamEvents.func1:54","elapsed":6.97022,"time":"2026-04-10T14:45:18Z","message":"multi-host list containers completed"}
dozzle-1  | {"level":"debug","version":"v10.3.0","id":"1bc6a7981ab8","time":"2026-04-10T14:45:18Z","message":"container not found"}
dozzle-1  | {"level":"debug","version":"v10.3.0","id":"59f88634177d","time":"2026-04-10T14:45:18Z","message":"container not found"}
dozzle-1  | {"level":"debug","version":"v10.3.0","host":"Developer","time":"2026-04-10T14:45:19Z","message":"Fetching host"}
dozzle-1  | {"level":"debug","version":"v10.3.0","container":"e1a6103ad4be","host":"Developer","time":"2026-04-10T14:45:19Z","message":"starting to stream stats"}
dozzle-1  | {"level":"debug","version":"v10.3.0","id":"e1a6103ad4be","time":"2026-04-10T14:45:19Z","message":"Finding container"}
dozzle-1  | {"level":"debug","version":"v10.3.0","labels":{"name":["udg*"]},"host":"Developer","time":"2026-04-10T14:45:19Z","message":"Listing containers"}
dozzle-1  | {"level":"debug","version":"v10.3.0","host":"y8qzagad6xykor1euqkjpbbly","labels":{"name":["udg*"]},"caller":"web.(*handler).streamEvents:115","timeout":"10s","time":"2026-04-10T14:45:19Z","message":"multi-host list containers started"}
dozzle-1  | {"level":"debug","version":"v10.3.0","labels":{"name":["udg*"]},"host":"Developer","time":"2026-04-10T14:45:19Z","message":"Listing containers"}
dozzle-1  | {"level":"debug","version":"v10.3.0","host":"y8qzagad6xykor1euqkjpbbly","labels":{"name":["udg*"]},"caller":"web.(*handler).streamEvents:115","timeout":"10s","time":"2026-04-10T14:45:19Z","message":"multi-host list containers started"}
dozzle-1  | {"level":"debug","version":"v10.3.0","labels":{"name":["udg*"]},"host":"Developer","time":"2026-04-10T14:45:19Z","message":"Listing containers"}
dozzle-1  | {"level":"debug","version":"v10.3.0","host":"y8qzagad6xykor1euqkjpbbly","labels":{"name":["udg*"]},"caller":"web.(*handler).streamEvents:115","timeout":"10s","time":"2026-04-10T14:45:19Z","message":"multi-host list containers started"}
dozzle-1  | {"level":"debug","version":"v10.3.0","labels":{"name":["udg*"]},"host":"Developer","time":"2026-04-10T14:45:19Z","message":"Listing containers"}
dozzle-1  | {"level":"debug","version":"v10.3.0","host":"y8qzagad6xykor1euqkjpbbly","labels":{"name":["udg*"]},"caller":"web.(*handler).streamEvents:115","timeout":"10s","time":"2026-04-10T14:45:19Z","message":"multi-host list containers started"}
dozzle-1  | {"level":"debug","version":"v10.3.0","labels":{"name":["udg*"]},"host":"Developer","time":"2026-04-10T14:45:19Z","message":"Listing containers"}
dozzle-1  | {"level":"debug","version":"v10.3.0","id":"e1a6103ad4be","time":"2026-04-10T14:45:19Z","message":"container not found"}
dozzle-1  | {"level":"debug","version":"v10.3.0","host":"y8qzagad6xykor1euqkjpbbly","labels":{"name":["udg*"]},"caller":"web.(*handler).streamEvents:115","timeout":"10s","time":"2026-04-10T14:45:19Z","message":"multi-host list containers started"}
dozzle-1  | {"level":"debug","version":"v10.3.0","labels":{"name":["udg*"]},"host":"Developer","time":"2026-04-10T14:45:19Z","message":"Listing containers"}
dozzle-1  | {"level":"debug","version":"v10.3.0","error":"container not found","containerID":"e1a6103ad4be","event":"start","time":"2026-04-10T14:45:19Z","message":"Failed to resolve container event"}
dozzle-1  | {"level":"debug","version":"v10.3.0","host":"y8qzagad6xykor1euqkjpbbly","labels":{"name":["udg*"]},"count":2,"caller":"web.(*handler).streamEvents:115","elapsed":3.308708,"time":"2026-04-10T14:45:19Z","message":"multi-host list containers completed"}
dozzle-1  | {"level":"debug","version":"v10.3.0","host":"y8qzagad6xykor1euqkjpbbly","count":2,"time":"2026-04-10T14:45:19Z","message":"updating containers for host"}
dozzle-1  | {"level":"debug","version":"v10.3.0","host":"y8qzagad6xykor1euqkjpbbly","labels":{"name":["udg*"]},"count":2,"caller":"web.(*handler).streamEvents:115","elapsed":3.251871,"time":"2026-04-10T14:45:19Z","message":"multi-host list containers completed"}
dozzle-1  | {"level":"debug","version":"v10.3.0","host":"y8qzagad6xykor1euqkjpbbly","count":2,"time":"2026-04-10T14:45:19Z","message":"updating containers for host"}
dozzle-1  | {"level":"debug","version":"v10.3.0","host":"y8qzagad6xykor1euqkjpbbly","labels":{"name":["udg*"]},"count":2,"caller":"web.(*handler).streamEvents:115","elapsed":3.455442,"time":"2026-04-10T14:45:19Z","message":"multi-host list containers completed"}
dozzle-1  | {"level":"debug","version":"v10.3.0","host":"y8qzagad6xykor1euqkjpbbly","count":2,"time":"2026-04-10T14:45:19Z","message":"updating containers for host"}
dozzle-1  | {"level":"debug","version":"v10.3.0","host":"y8qzagad6xykor1euqkjpbbly","labels":{"name":["udg*"]},"count":2,"caller":"web.(*handler).streamEvents:115","elapsed":3.468844,"time":"2026-04-10T14:45:19Z","message":"multi-host list containers completed"}
dozzle-1  | {"level":"debug","version":"v10.3.0","host":"y8qzagad6xykor1euqkjpbbly","count":2,"time":"2026-04-10T14:45:19Z","message":"updating containers for host"}
dozzle-1  | {"level":"debug","version":"v10.3.0","host":"y8qzagad6xykor1euqkjpbbly","labels":{"name":["udg*"]},"count":2,"caller":"web.(*handler).streamEvents:115","elapsed":5.764245,"time":"2026-04-10T14:45:19Z","message":"multi-host list containers completed"}
dozzle-1  | {"level":"debug","version":"v10.3.0","host":"y8qzagad6xykor1euqkjpbbly","count":2,"time":"2026-04-10T14:45:19Z","message":"updating containers for host"}
dozzle-1  | {"level":"debug","version":"v10.3.0","id":"1bc6a7981ab8","time":"2026-04-10T14:45:19Z","message":"container not found"}
dozzle-1  | {"level":"debug","version":"v10.3.0","id":"59f88634177d","time":"2026-04-10T14:45:19Z","message":"container not found"}
dozzle-1  | {"level":"debug","version":"v10.3.0","id":"e1a6103ad4be","time":"2026-04-10T14:45:19Z","message":"container not found"}
dozzle-1  | {"level":"debug","version":"v10.3.0","host":"y8qzagad6xykor1euqkjpbbly","container":"062693dc2ab0","labels":{"name":["udg*"]},"caller":"web.(*handler).streamContainerLogs:252","timeout":"10s","time":"2026-04-10T14:45:20Z","message":"multi-host find container started"}
dozzle-1  | {"level":"debug","version":"v10.3.0","labels":{"name":["udg*"]},"host":"Developer","time":"2026-04-10T14:45:20Z","message":"Listing containers"}
dozzle-1  | {"level":"debug","version":"v10.3.0","host":"y8qzagad6xykor1euqkjpbbly","container":"062693dc2ab0","caller":"web.(*handler).streamContainerLogs:252","elapsed":3.422987,"time":"2026-04-10T14:45:20Z","message":"multi-host find container completed"}
dozzle-1  | {"level":"debug","version":"v10.3.0","labels":{"name":["udg*"]},"caller":"docker.(*MultiHostService).ListAllContainers.func1","time":"2026-04-10T14:45:20Z","message":"agent service list containers started"}
dozzle-1  | {"level":"debug","version":"v10.3.0","labels":{"name":["udg*"]},"host":"Developer","time":"2026-04-10T14:45:20Z","message":"Listing containers"}
dozzle-1  | {"level":"debug","version":"v10.3.0","labels":{"name":["udg*"]},"caller":"docker.(*MultiHostService).ListAllContainers.func1","time":"2026-04-10T14:45:20Z","message":"agent service list containers started"}
dozzle-1  | {"level":"debug","version":"v10.3.0","endpoint":"dozzle-test:7007","labels":{"name":["udg*"]},"count":2,"deadline":"9.994s","elapsed":5.808799,"time":"2026-04-10T14:45:20Z","message":"agent client list containers completed"}
dozzle-1  | {"level":"debug","version":"v10.3.0","labels":{"name":["udg*"]},"count":2,"caller":"docker.(*MultiHostService).ListAllContainers.func1","elapsed":5.885589,"time":"2026-04-10T14:45:20Z","message":"agent service list containers completed"}
dozzle-1  | {"level":"debug","version":"v10.3.0","endpoint":"dozzle-release:7007","labels":{"name":["udg*"]},"count":3,"deadline":"9.993s","elapsed":7.277545,"time":"2026-04-10T14:45:20Z","message":"agent client list containers completed"}
dozzle-1  | {"level":"debug","version":"v10.3.0","labels":{"name":["udg*"]},"count":3,"caller":"docker.(*MultiHostService).ListAllContainers.func1","elapsed":7.363701,"time":"2026-04-10T14:45:20Z","message":"agent service list containers completed"}
dozzle-1  | {"level":"debug","version":"v10.3.0","host":"y8qzagad6xykor1euqkjpbbly","container":"062693dc2ab0","labels":{"name":["udg*"]},"caller":"web.(*handler).streamLogsForContainers.func2:424","timeout":"10s","time":"2026-04-10T14:45:20Z","message":"multi-host find container started"}
dozzle-1  | {"level":"debug","version":"v10.3.0","labels":{"name":["udg*"]},"host":"Developer","time":"2026-04-10T14:45:20Z","message":"Listing containers"}
dozzle-1  | {"level":"debug","version":"v10.3.0","host":"y8qzagad6xykor1euqkjpbbly","container":"062693dc2ab0","caller":"web.(*handler).streamLogsForContainers.func2:424","elapsed":3.906807,"time":"2026-04-10T14:45:20Z","message":"multi-host find container completed"}
dozzle-1  | {"level":"debug","version":"v10.3.0","id":"062693dc2ab0","since":"2026-04-10T11:34:17Z","stdType":"all","host":"Developer","time":"2026-04-10T14:45:20Z","message":"Streaming logs for container"}
dozzle-1  | {"level":"debug","version":"v10.3.0","id":"1bc6a7981ab8","time":"2026-04-10T14:45:20Z","message":"container not found"}
dozzle-1  | {"level":"debug","version":"v10.3.0","id":"59f88634177d","time":"2026-04-10T14:45:20Z","message":"container not found"}
dozzle-1  | {"level":"debug","version":"v10.3.0","id":"e1a6103ad4be","time":"2026-04-10T14:45:20Z","message":"container not found"}
dozzle-1  | {"level":"debug","version":"v10.3.0","id":"1bc6a7981ab8","time":"2026-04-10T14:45:21Z","message":"container not found"}
dozzle-1  | {"level":"debug","version":"v10.3.0","id":"59f88634177d","time":"2026-04-10T14:45:21Z","message":"container not found"}
dozzle-1  | {"level":"debug","version":"v10.3.0","id":"e1a6103ad4be","time":"2026-04-10T14:45:21Z","message":"container not found"}
dozzle-1  | {"level":"debug","version":"v10.3.0","id":"1bc6a7981ab8","time":"2026-04-10T14:45:22Z","message":"container not found"}
dozzle-1  | {"level":"debug","version":"v10.3.0","id":"59f88634177d","time":"2026-04-10T14:45:22Z","message":"container not found"}
dozzle-1  | {"level":"debug","version":"v10.3.0","id":"e1a6103ad4be","time":"2026-04-10T14:45:22Z","message":"container not found"}
dozzle-1  | {"level":"debug","version":"v10.3.0","id":"1bc6a7981ab8","time":"2026-04-10T14:45:23Z","message":"container not found"}
dozzle-1  | {"level":"debug","version":"v10.3.0","id":"59f88634177d","time":"2026-04-10T14:45:23Z","message":"container not found"}
dozzle-1  | {"level":"debug","version":"v10.3.0","id":"e1a6103ad4be","time":"2026-04-10T14:45:23Z","message":"container not found"}
dozzle-1  | {"level":"debug","version":"v10.3.0","id":"1bc6a7981ab8","time":"2026-04-10T14:45:24Z","message":"container not found"}
dozzle-1  | {"level":"debug","version":"v10.3.0","id":"59f88634177d","time":"2026-04-10T14:45:24Z","message":"container not found"}
dozzle-1  | {"level":"debug","version":"v10.3.0","id":"e1a6103ad4be","time":"2026-04-10T14:45:24Z","message":"container not found"}
dozzle-1  | {"level":"debug","version":"v10.3.0","id":"1bc6a7981ab8","time":"2026-04-10T14:45:26Z","message":"container not found"}
dozzle-1  | {"level":"debug","version":"v10.3.0","id":"59f88634177d","time":"2026-04-10T14:45:26Z","message":"container not found"}
dozzle-1  | {"level":"debug","version":"v10.3.0","id":"e1a6103ad4be","time":"2026-04-10T14:45:26Z","message":"container not found"}
dozzle-1  | {"level":"debug","version":"v10.3.0","id":"1bc6a7981ab8","time":"2026-04-10T14:45:27Z","message":"container not found"}
dozzle-1  | {"level":"debug","version":"v10.3.0","id":"59f88634177d","time":"2026-04-10T14:45:27Z","message":"container not found"}
dozzle-1  | {"level":"debug","version":"v10.3.0","id":"e1a6103ad4be","time":"2026-04-10T14:45:27Z","message":"container not found"}
dozzle-1  | {"level":"debug","version":"v10.3.0","id":"1bc6a7981ab8","time":"2026-04-10T14:45:28Z","message":"container not found"}
dozzle-1  | {"level":"debug","version":"v10.3.0","id":"59f88634177d","time":"2026-04-10T14:45:28Z","message":"container not found"}
dozzle-1  | {"level":"debug","version":"v10.3.0","id":"e1a6103ad4be","time":"2026-04-10T14:45:28Z","message":"container not found"}
dozzle-1  | {"level":"debug","version":"v10.3.0","id":"59f88634177d","time":"2026-04-10T14:45:29Z","message":"container not found"}
dozzle-1  | {"level":"debug","version":"v10.3.0","id":"e1a6103ad4be","time":"2026-04-10T14:45:29Z","message":"container not found"}
dozzle-1  | {"level":"debug","version":"v10.3.0","id":"1bc6a7981ab8","time":"2026-04-10T14:45:29Z","message":"container not found"}
dozzle-1  | {"level":"debug","version":"v10.3.0","id":"1bc6a7981ab8","time":"2026-04-10T14:45:30Z","message":"container not found"}
dozzle-1  | {"level":"debug","version":"v10.3.0","id":"59f88634177d","time":"2026-04-10T14:45:30Z","message":"container not found"}
dozzle-1  | {"level":"debug","version":"v10.3.0","id":"e1a6103ad4be","time":"2026-04-10T14:45:30Z","message":"container not found"}
dozzle-1  | {"level":"debug","version":"v10.3.0","id":"1bc6a7981ab8","time":"2026-04-10T14:45:31Z","message":"container not found"}
dozzle-1  | {"level":"debug","version":"v10.3.0","id":"59f88634177d","time":"2026-04-10T14:45:31Z","message":"container not found"}
dozzle-1  | {"level":"debug","version":"v10.3.0","id":"e1a6103ad4be","time":"2026-04-10T14:45:31Z","message":"container not found"}
dozzle-1  | {"level":"debug","version":"v10.3.0","id":"1bc6a7981ab8","time":"2026-04-10T14:45:32Z","message":"container not found"}
dozzle-1  | {"level":"debug","version":"v10.3.0","id":"59f88634177d","time":"2026-04-10T14:45:32Z","message":"container not found"}
dozzle-1  | {"level":"debug","version":"v10.3.0","id":"e1a6103ad4be","time":"2026-04-10T14:45:32Z","message":"container not found"}
dozzle-1  | {"level":"debug","version":"v10.3.0","allocated":"19 MB","totalAllocated":"44 MB","system":"42 MB","routines":148,"time":"2026-04-10T14:45:32Z","message":"runtime mem stats"}
dozzle-1  | {"level":"debug","version":"v10.3.0","host":"y8qzagad6xykor1euqkjpbbly","container":"062693dc2ab0","labels":{"name":["udg*"]},"caller":"web.(*handler).streamContainerLogs:252","timeout":"10s","time":"2026-04-10T14:45:32Z","message":"multi-host find container started"}
dozzle-1  | {"level":"debug","version":"v10.3.0","labels":{"name":["udg*"]},"host":"Developer","time":"2026-04-10T14:45:32Z","message":"Listing containers"}
dozzle-1  | {"level":"debug","version":"v10.3.0","host":"y8qzagad6xykor1euqkjpbbly","container":"062693dc2ab0","caller":"web.(*handler).streamContainerLogs:252","elapsed":4.096331,"time":"2026-04-10T14:45:32Z","message":"multi-host find container completed"}
dozzle-1  | {"level":"debug","version":"v10.3.0","labels":{"name":["udg*"]},"caller":"docker.(*MultiHostService).ListAllContainers.func1","time":"2026-04-10T14:45:32Z","message":"agent service list containers started"}
dozzle-1  | {"level":"debug","version":"v10.3.0","labels":{"name":["udg*"]},"caller":"docker.(*MultiHostService).ListAllContainers.func1","time":"2026-04-10T14:45:32Z","message":"agent service list containers started"}
dozzle-1  | {"level":"debug","version":"v10.3.0","labels":{"name":["udg*"]},"host":"Developer","time":"2026-04-10T14:45:32Z","message":"Listing containers"}
dozzle-1  | {"level":"debug","version":"v10.3.0","endpoint":"dozzle-test:7007","labels":{"name":["udg*"]},"count":2,"deadline":"9.993s","elapsed":6.857649,"time":"2026-04-10T14:45:32Z","message":"agent client list containers completed"}
dozzle-1  | {"level":"debug","version":"v10.3.0","labels":{"name":["udg*"]},"count":2,"caller":"docker.(*MultiHostService).ListAllContainers.func1","elapsed":6.992132,"time":"2026-04-10T14:45:32Z","message":"agent service list containers completed"}
dozzle-1  | {"level":"debug","version":"v10.3.0","endpoint":"dozzle-release:7007","labels":{"name":["udg*"]},"count":3,"deadline":"9.992s","elapsed":8.384802,"time":"2026-04-10T14:45:32Z","message":"agent client list containers completed"}
dozzle-1  | {"level":"debug","version":"v10.3.0","labels":{"name":["udg*"]},"count":3,"caller":"docker.(*MultiHostService).ListAllContainers.func1","elapsed":8.512075,"time":"2026-04-10T14:45:32Z","message":"agent service list containers completed"}
dozzle-1  | {"level":"debug","version":"v10.3.0","host":"y8qzagad6xykor1euqkjpbbly","container":"062693dc2ab0","labels":{"name":["udg*"]},"caller":"web.(*handler).streamLogsForContainers.func2:424","timeout":"10s","time":"2026-04-10T14:45:32Z","message":"multi-host find container started"}
dozzle-1  | {"level":"debug","version":"v10.3.0","labels":{"name":["udg*"]},"host":"Developer","time":"2026-04-10T14:45:32Z","message":"Listing containers"}
dozzle-1  | {"level":"debug","version":"v10.3.0","host":"y8qzagad6xykor1euqkjpbbly","container":"062693dc2ab0","caller":"web.(*handler).streamLogsForContainers.func2:424","elapsed":2.813214,"time":"2026-04-10T14:45:32Z","message":"multi-host find container completed"}
dozzle-1  | {"level":"debug","version":"v10.3.0","id":"062693dc2ab0","since":"2026-04-10T11:34:17Z","stdType":"all","host":"Developer","time":"2026-04-10T14:45:32Z","message":"Streaming logs for container"}
dozzle-1  | {"level":"debug","version":"v10.3.0","id":"e1a6103ad4be","time":"2026-04-10T14:45:33Z","message":"container not found"}
dozzle-1  | {"level":"debug","version":"v10.3.0","id":"1bc6a7981ab8","time":"2026-04-10T14:45:33Z","message":"container not found"}
dozzle-1  | {"level":"debug","version":"v10.3.0","id":"59f88634177d","time":"2026-04-10T14:45:33Z","message":"container not found"}
dozzle-1  | {"level":"debug","version":"v10.3.0","id":"e1a6103ad4be","time":"2026-04-10T14:45:34Z","message":"container not found"}
dozzle-1  | {"level":"debug","version":"v10.3.0","id":"1bc6a7981ab8","time":"2026-04-10T14:45:34Z","message":"container not found"}
dozzle-1  | {"level":"debug","version":"v10.3.0","id":"59f88634177d","time":"2026-04-10T14:45:34Z","message":"container not found"}
dozzle-1  | {"level":"debug","version":"v10.3.0","id":"1bc6a7981ab8","time":"2026-04-10T14:45:35Z","message":"container not found"}
dozzle-1  | {"level":"debug","version":"v10.3.0","id":"59f88634177d","time":"2026-04-10T14:45:35Z","message":"container not found"}
dozzle-1  | {"level":"debug","version":"v10.3.0","id":"e1a6103ad4be","time":"2026-04-10T14:45:35Z","message":"container not found"}
dozzle-1  | {"level":"debug","version":"v10.3.0","id":"1bc6a7981ab8","time":"2026-04-10T14:45:36Z","message":"container not found"}
dozzle-1  | {"level":"debug","version":"v10.3.0","id":"59f88634177d","time":"2026-04-10T14:45:36Z","message":"container not found"}
dozzle-1  | {"level":"debug","version":"v10.3.0","id":"e1a6103ad4be","time":"2026-04-10T14:45:36Z","message":"container not found"}
dozzle-1  | {"level":"debug","version":"v10.3.0","id":"1bc6a7981ab8","time":"2026-04-10T14:45:37Z","message":"container not found"}
dozzle-1  | {"level":"debug","version":"v10.3.0","id":"59f88634177d","time":"2026-04-10T14:45:37Z","message":"container not found"}
dozzle-1  | {"level":"debug","version":"v10.3.0","id":"e1a6103ad4be","time":"2026-04-10T14:45:37Z","message":"container not found"}
dozzle-1  | {"level":"debug","version":"v10.3.0","id":"1bc6a7981ab8","time":"2026-04-10T14:45:38Z","message":"container not found"}
dozzle-1  | {"level":"debug","version":"v10.3.0","id":"59f88634177d","time":"2026-04-10T14:45:38Z","message":"container not found"}
dozzle-1  | {"level":"debug","version":"v10.3.0","id":"e1a6103ad4be","time":"2026-04-10T14:45:38Z","message":"container not found"}
dozzle-1  | {"level":"debug","version":"v10.3.0","id":"1bc6a7981ab8","time":"2026-04-10T14:45:39Z","message":"container not found"}
dozzle-1  | {"level":"debug","version":"v10.3.0","id":"59f88634177d","time":"2026-04-10T14:45:39Z","message":"container not found"}
dozzle-1  | {"level":"debug","version":"v10.3.0","id":"e1a6103ad4be","time":"2026-04-10T14:45:39Z","message":"container not found"}
dozzle-1  | {"level":"debug","version":"v10.3.0","id":"59f88634177d","time":"2026-04-10T14:45:40Z","message":"container not found"}
dozzle-1  | {"level":"debug","version":"v10.3.0","id":"e1a6103ad4be","time":"2026-04-10T14:45:40Z","message":"container not found"}
dozzle-1  | {"level":"debug","version":"v10.3.0","id":"1bc6a7981ab8","time":"2026-04-10T14:45:40Z","message":"container not found"}
dozzle-1  | {"level":"debug","version":"v10.3.0","id":"59f88634177d","time":"2026-04-10T14:45:41Z","message":"container not found"}
dozzle-1  | {"level":"debug","version":"v10.3.0","id":"e1a6103ad4be","time":"2026-04-10T14:45:41Z","message":"container not found"}
dozzle-1  | {"level":"debug","version":"v10.3.0","id":"1bc6a7981ab8","time":"2026-04-10T14:45:41Z","message":"container not found"}
dozzle-1  | {"level":"debug","version":"v10.3.0","id":"1bc6a7981ab8","time":"2026-04-10T14:45:42Z","message":"container not found"}
dozzle-1  | {"level":"debug","version":"v10.3.0","id":"59f88634177d","time":"2026-04-10T14:45:42Z","message":"container not found"}
dozzle-1  | {"level":"debug","version":"v10.3.0","id":"e1a6103ad4be","time":"2026-04-10T14:45:42Z","message":"container not found"}
dozzle-1  | {"level":"debug","version":"v10.3.0","id":"1bc6a7981ab8","time":"2026-04-10T14:45:43Z","message":"container not found"}
dozzle-1  | {"level":"debug","version":"v10.3.0","id":"59f88634177d","time":"2026-04-10T14:45:43Z","message":"container not found"}
dozzle-1  | {"level":"debug","version":"v10.3.0","id":"e1a6103ad4be","time":"2026-04-10T14:45:43Z","message":"container not found"}
dozzle-1  | {"level":"debug","version":"v10.3.0","id":"1bc6a7981ab8","time":"2026-04-10T14:45:44Z","message":"container not found"}
dozzle-1  | {"level":"debug","version":"v10.3.0","id":"59f88634177d","time":"2026-04-10T14:45:44Z","message":"container not found"}
dozzle-1  | {"level":"debug","version":"v10.3.0","id":"e1a6103ad4be","time":"2026-04-10T14:45:44Z","message":"container not found"}
dozzle-1  | {"level":"debug","version":"v10.3.0","host":"Developer","time":"2026-04-10T14:45:45Z","message":"Fetching host"}
dozzle-1  | {"level":"debug","version":"v10.3.0","id":"1bc6a7981ab8","time":"2026-04-10T14:45:45Z","message":"container not found"}
dozzle-1  | {"level":"debug","version":"v10.3.0","id":"59f88634177d","time":"2026-04-10T14:45:45Z","message":"container not found"}
dozzle-1  | {"level":"debug","version":"v10.3.0","id":"e1a6103ad4be","time":"2026-04-10T14:45:45Z","message":"container not found"}
dozzle-1  | {"level":"debug","version":"v10.3.0","id":"1bc6a7981ab8","time":"2026-04-10T14:45:46Z","message":"container not found"}
dozzle-1  | {"level":"debug","version":"v10.3.0","id":"59f88634177d","time":"2026-04-10T14:45:46Z","message":"container not found"}
dozzle-1  | {"level":"debug","version":"v10.3.0","id":"e1a6103ad4be","time":"2026-04-10T14:45:46Z","message":"container not found"}
dozzle-1  | {"level":"debug","version":"v10.3.0","host":"Developer","time":"2026-04-10T14:45:46Z","message":"Fetching host"}
dozzle-1  | {"level":"debug","version":"v10.3.0","id":"59f88634177d","time":"2026-04-10T14:45:47Z","message":"container not found"}
dozzle-1  | {"level":"debug","version":"v10.3.0","id":"e1a6103ad4be","time":"2026-04-10T14:45:47Z","message":"container not found"}
dozzle-1  | {"level":"debug","version":"v10.3.0","id":"1bc6a7981ab8","time":"2026-04-10T14:45:47Z","message":"container not found"}
dozzle-1  | {"level":"debug","version":"v10.3.0","id":"1bc6a7981ab8","time":"2026-04-10T14:45:48Z","message":"container not found"}
dozzle-1  | {"level":"debug","version":"v10.3.0","id":"59f88634177d","time":"2026-04-10T14:45:48Z","message":"container not found"}
dozzle-1  | {"level":"debug","version":"v10.3.0","id":"e1a6103ad4be","time":"2026-04-10T14:45:48Z","message":"container not found"}
dozzle-1  | {"level":"debug","version":"v10.3.0","id":"1bc6a7981ab8","time":"2026-04-10T14:45:49Z","message":"container not found"}
dozzle-1  | {"level":"debug","version":"v10.3.0","id":"59f88634177d","time":"2026-04-10T14:45:49Z","message":"container not found"}
dozzle-1  | {"level":"debug","version":"v10.3.0","id":"e1a6103ad4be","time":"2026-04-10T14:45:49Z","message":"container not found"}
dozzle-1  | {"level":"debug","version":"v10.3.0","id":"1bc6a7981ab8","time":"2026-04-10T14:45:50Z","message":"container not found"}
dozzle-1  | {"level":"debug","version":"v10.3.0","id":"59f88634177d","time":"2026-04-10T14:45:50Z","message":"container not found"}
dozzle-1  | {"level":"debug","version":"v10.3.0","id":"e1a6103ad4be","time":"2026-04-10T14:45:50Z","message":"container not found"}
dozzle-1  | {"level":"debug","version":"v10.3.0","id":"1bc6a7981ab8","time":"2026-04-10T14:45:51Z","message":"container not found"}
dozzle-1  | {"level":"debug","version":"v10.3.0","id":"59f88634177d","time":"2026-04-10T14:45:51Z","message":"container not found"}
dozzle-1  | {"level":"debug","version":"v10.3.0","id":"e1a6103ad4be","time":"2026-04-10T14:45:51Z","message":"container not found"}
dozzle-1  | {"level":"debug","version":"v10.3.0","id":"1bc6a7981ab8","time":"2026-04-10T14:45:52Z","message":"container not found"}
dozzle-1  | {"level":"debug","version":"v10.3.0","id":"59f88634177d","time":"2026-04-10T14:45:52Z","message":"container not found"}
dozzle-1  | {"level":"debug","version":"v10.3.0","id":"e1a6103ad4be","time":"2026-04-10T14:45:52Z","message":"container not found"}
dozzle-1  | {"level":"debug","version":"v10.3.0","id":"1bc6a7981ab8","time":"2026-04-10T14:45:53Z","message":"container not found"}
dozzle-1  | {"level":"debug","version":"v10.3.0","id":"59f88634177d","time":"2026-04-10T14:45:53Z","message":"container not found"}
dozzle-1  | {"level":"debug","version":"v10.3.0","id":"e1a6103ad4be","time":"2026-04-10T14:45:53Z","message":"container not found"}
dozzle-1  | {"level":"debug","version":"v10.3.0","id":"1bc6a7981ab8","time":"2026-04-10T14:45:54Z","message":"container not found"}
dozzle-1  | {"level":"debug","version":"v10.3.0","id":"59f88634177d","time":"2026-04-10T14:45:54Z","message":"container not found"}
dozzle-1  | {"level":"debug","version":"v10.3.0","id":"e1a6103ad4be","time":"2026-04-10T14:45:54Z","message":"container not found"}
dozzle-1  | {"level":"debug","version":"v10.3.0","id":"1bc6a7981ab8","time":"2026-04-10T14:45:55Z","message":"container not found"}
dozzle-1  | {"level":"debug","version":"v10.3.0","id":"59f88634177d","time":"2026-04-10T14:45:55Z","message":"container not found"}
dozzle-1  | {"level":"debug","version":"v10.3.0","id":"e1a6103ad4be","time":"2026-04-10T14:45:55Z","message":"container not found"}
dozzle-1  | {"level":"debug","version":"v10.3.0","id":"1bc6a7981ab8","time":"2026-04-10T14:45:56Z","message":"container not found"}
dozzle-1  | {"level":"debug","version":"v10.3.0","id":"59f88634177d","time":"2026-04-10T14:45:56Z","message":"container not found"}
dozzle-1  | {"level":"debug","version":"v10.3.0","id":"e1a6103ad4be","time":"2026-04-10T14:45:56Z","message":"container not found"}
dozzle-1  | {"level":"debug","version":"v10.3.0","id":"1bc6a7981ab8","time":"2026-04-10T14:45:57Z","message":"container not found"}
dozzle-1  | {"level":"debug","version":"v10.3.0","id":"59f88634177d","time":"2026-04-10T14:45:57Z","message":"container not found"}
dozzle-1  | {"level":"debug","version":"v10.3.0","id":"e1a6103ad4be","time":"2026-04-10T14:45:57Z","message":"container not found"}
dozzle-1  | {"level":"debug","version":"v10.3.0","id":"1bc6a7981ab8","time":"2026-04-10T14:45:58Z","message":"container not found"}
dozzle-1  | {"level":"debug","version":"v10.3.0","id":"59f88634177d","time":"2026-04-10T14:45:58Z","message":"container not found"}
dozzle-1  | {"level":"debug","version":"v10.3.0","id":"e1a6103ad4be","time":"2026-04-10T14:45:58Z","message":"container not found"}
dozzle-1  | {"level":"debug","version":"v10.3.0","id":"1bc6a7981ab8","time":"2026-04-10T14:45:59Z","message":"container not found"}
dozzle-1  | {"level":"debug","version":"v10.3.0","id":"59f88634177d","time":"2026-04-10T14:45:59Z","message":"container not found"}
dozzle-1  | {"level":"debug","version":"v10.3.0","id":"e1a6103ad4be","time":"2026-04-10T14:45:59Z","message":"container not found"}
dozzle-1  | {"level":"debug","version":"v10.3.0","id":"1bc6a7981ab8","time":"2026-04-10T14:46:00Z","message":"container not found"}
dozzle-1  | {"level":"debug","version":"v10.3.0","id":"59f88634177d","time":"2026-04-10T14:46:00Z","message":"container not found"}
dozzle-1  | {"level":"debug","version":"v10.3.0","id":"e1a6103ad4be","time":"2026-04-10T14:46:00Z","message":"container not found"}
dozzle-1  | {"level":"debug","version":"v10.3.0","id":"1bc6a7981ab8","time":"2026-04-10T14:46:01Z","message":"container not found"}
dozzle-1  | {"level":"debug","version":"v10.3.0","id":"59f88634177d","time":"2026-04-10T14:46:01Z","message":"container not found"}
dozzle-1  | {"level":"debug","version":"v10.3.0","id":"e1a6103ad4be","time":"2026-04-10T14:46:01Z","message":"container not found"}
dozzle-1  | {"level":"debug","version":"v10.3.0","id":"59f88634177d","time":"2026-04-10T14:46:02Z","message":"container not found"}
dozzle-1  | {"level":"debug","version":"v10.3.0","id":"e1a6103ad4be","time":"2026-04-10T14:46:02Z","message":"container not found"}
dozzle-1  | {"level":"debug","version":"v10.3.0","id":"1bc6a7981ab8","time":"2026-04-10T14:46:02Z","message":"container not found"}
dozzle-1  | {"level":"debug","version":"v10.3.0","id":"1bc6a7981ab8","time":"2026-04-10T14:46:03Z","message":"container not found"}
dozzle-1  | {"level":"debug","version":"v10.3.0","id":"59f88634177d","time":"2026-04-10T14:46:03Z","message":"container not found"}
dozzle-1  | {"level":"debug","version":"v10.3.0","id":"e1a6103ad4be","time":"2026-04-10T14:46:03Z","message":"container not found"}
dozzle-1  | {"level":"debug","version":"v10.3.0","id":"1bc6a7981ab8","time":"2026-04-10T14:46:04Z","message":"container not found"}
dozzle-1  | {"level":"debug","version":"v10.3.0","id":"59f88634177d","time":"2026-04-10T14:46:04Z","message":"container not found"}
dozzle-1  | {"level":"debug","version":"v10.3.0","id":"e1a6103ad4be","time":"2026-04-10T14:46:04Z","message":"container not found"}
dozzle-1  | {"level":"debug","version":"v10.3.0","id":"59f88634177d","time":"2026-04-10T14:46:05Z","message":"container not found"}
dozzle-1  | {"level":"debug","version":"v10.3.0","id":"e1a6103ad4be","time":"2026-04-10T14:46:05Z","message":"container not found"}
dozzle-1  | {"level":"debug","version":"v10.3.0","id":"1bc6a7981ab8","time":"2026-04-10T14:46:05Z","message":"container not found"}
dozzle-1  | {"level":"debug","version":"v10.3.0","id":"1bc6a7981ab8","time":"2026-04-10T14:46:06Z","message":"container not found"}
dozzle-1  | {"level":"debug","version":"v10.3.0","id":"59f88634177d","time":"2026-04-10T14:46:06Z","message":"container not found"}
dozzle-1  | {"level":"debug","version":"v10.3.0","id":"e1a6103ad4be","time":"2026-04-10T14:46:06Z","message":"container not found"}
dozzle-1  | {"level":"debug","version":"v10.3.0","id":"1bc6a7981ab8","time":"2026-04-10T14:46:07Z","message":"container not found"}
dozzle-1  | {"level":"debug","version":"v10.3.0","id":"59f88634177d","time":"2026-04-10T14:46:07Z","message":"container not found"}
dozzle-1  | {"level":"debug","version":"v10.3.0","id":"e1a6103ad4be","time":"2026-04-10T14:46:07Z","message":"container not found"}
dozzle-1  | {"level":"debug","version":"v10.3.0","id":"1bc6a7981ab8","time":"2026-04-10T14:46:08Z","message":"container not found"}
dozzle-1  | {"level":"debug","version":"v10.3.0","id":"59f88634177d","time":"2026-04-10T14:46:08Z","message":"container not found"}
dozzle-1  | {"level":"debug","version":"v10.3.0","id":"e1a6103ad4be","time":"2026-04-10T14:46:08Z","message":"container not found"}
dozzle-1  | {"level":"debug","version":"v10.3.0","id":"59f88634177d","time":"2026-04-10T14:46:09Z","message":"container not found"}
dozzle-1  | {"level":"debug","version":"v10.3.0","id":"e1a6103ad4be","time":"2026-04-10T14:46:09Z","message":"container not found"}
dozzle-1  | {"level":"debug","version":"v10.3.0","id":"1bc6a7981ab8","time":"2026-04-10T14:46:09Z","message":"container not found"}
dozzle-1  | {"level":"debug","version":"v10.3.0","id":"1bc6a7981ab8","time":"2026-04-10T14:46:10Z","message":"container not found"}
dozzle-1  | {"level":"debug","version":"v10.3.0","id":"59f88634177d","time":"2026-04-10T14:46:10Z","message":"container not found"}
dozzle-1  | {"level":"debug","version":"v10.3.0","id":"e1a6103ad4be","time":"2026-04-10T14:46:10Z","message":"container not found"}
dozzle-1  | {"level":"debug","version":"v10.3.0","id":"e1a6103ad4be","time":"2026-04-10T14:46:11Z","message":"container not found"}
dozzle-1  | {"level":"debug","version":"v10.3.0","id":"1bc6a7981ab8","time":"2026-04-10T14:46:11Z","message":"container not found"}
dozzle-1  | {"level":"debug","version":"v10.3.0","id":"59f88634177d","time":"2026-04-10T14:46:11Z","message":"container not found"}
dozzle-1  | {"level":"debug","version":"v10.3.0","id":"1bc6a7981ab8","time":"2026-04-10T14:46:12Z","message":"container not found"}
dozzle-1  | {"level":"debug","version":"v10.3.0","id":"59f88634177d","time":"2026-04-10T14:46:12Z","message":"container not found"}
dozzle-1  | {"level":"debug","version":"v10.3.0","id":"e1a6103ad4be","time":"2026-04-10T14:46:12Z","message":"container not found"}
dozzle-1  | {"level":"debug","version":"v10.3.0","id":"1bc6a7981ab8","time":"2026-04-10T14:46:13Z","message":"container not found"}
dozzle-1  | {"level":"debug","version":"v10.3.0","id":"59f88634177d","time":"2026-04-10T14:46:13Z","message":"container not found"}
dozzle-1  | {"level":"debug","version":"v10.3.0","id":"e1a6103ad4be","time":"2026-04-10T14:46:13Z","message":"container not found"}
dozzle-1  | {"level":"debug","version":"v10.3.0","labels":{},"caller":"docker.(*MultiHostService).ListAllContainers.func1","time":"2026-04-10T14:46:14Z","message":"agent service list containers started"}
dozzle-1  | {"level":"debug","version":"v10.3.0","labels":{},"caller":"docker.(*MultiHostService).ListAllContainers.func1","time":"2026-04-10T14:46:14Z","message":"agent service list containers started"}
dozzle-1  | {"level":"debug","version":"v10.3.0","endpoint":"dozzle-test:7007","labels":{},"count":9,"deadline":"9.992s","elapsed":8.103292,"time":"2026-04-10T14:46:14Z","message":"agent client list containers completed"}
dozzle-1  | {"level":"debug","version":"v10.3.0","labels":{},"count":9,"caller":"docker.(*MultiHostService).ListAllContainers.func1","elapsed":8.218471,"time":"2026-04-10T14:46:14Z","message":"agent service list containers completed"}
dozzle-1  | {"level":"debug","version":"v10.3.0","endpoint":"dozzle-release:7007","labels":{},"count":17,"deadline":"9.99s","elapsed":9.478077,"time":"2026-04-10T14:46:14Z","message":"agent client list containers completed"}
dozzle-1  | {"level":"debug","version":"v10.3.0","labels":{},"count":17,"caller":"docker.(*MultiHostService).ListAllContainers.func1","elapsed":9.541495,"time":"2026-04-10T14:46:14Z","message":"agent service list containers completed"}
dozzle-1  | {"level":"debug","version":"v10.3.0","labels":{},"caller":"docker.(*MultiHostService).ListAllContainers.func1","time":"2026-04-10T14:46:14Z","message":"agent service list containers started"}
dozzle-1  | {"level":"debug","version":"v10.3.0","labels":{},"caller":"docker.(*MultiHostService).ListAllContainers.func1","time":"2026-04-10T14:46:14Z","message":"agent service list containers started"}
dozzle-1  | {"level":"debug","version":"v10.3.0","endpoint":"dozzle-release:7007","labels":{},"count":17,"deadline":"9.992s","elapsed":8.19931,"time":"2026-04-10T14:46:14Z","message":"agent client list containers completed"}
dozzle-1  | {"level":"debug","version":"v10.3.0","labels":{},"count":17,"caller":"docker.(*MultiHostService).ListAllContainers.func1","elapsed":8.467359,"time":"2026-04-10T14:46:14Z","message":"agent service list containers completed"}
dozzle-1  | {"level":"debug","version":"v10.3.0","endpoint":"dozzle-test:7007","labels":{},"count":9,"deadline":"9.99s","elapsed":10.153504,"time":"2026-04-10T14:46:14Z","message":"agent client list containers completed"}
dozzle-1  | {"level":"debug","version":"v10.3.0","labels":{},"count":9,"caller":"docker.(*MultiHostService).ListAllContainers.func1","elapsed":10.283028,"time":"2026-04-10T14:46:14Z","message":"agent service list containers completed"}
dozzle-1  | {"level":"debug","version":"v10.3.0","clients":3,"failedAgents":0,"caller":"docker.(*MultiHostService).Hosts:320","deadline":"10s","time":"2026-04-10T14:46:14Z","message":"retriable manager hosts started"}
dozzle-1  | {"level":"debug","version":"v10.3.0","host":"Developer","time":"2026-04-10T14:46:14Z","message":"Fetching host"}
dozzle-1  | {"level":"debug","version":"v10.3.0","endpoint":"dozzle-release:7007","host":"Release","deadline":"9.999s","elapsed":0.865392,"time":"2026-04-10T14:46:14Z","message":"agent client host completed"}
dozzle-1  | {"level":"debug","version":"v10.3.0","host":"Release","caller":"docker.(*RetriableClientManager).Hosts.func1","elapsed":0.891991,"time":"2026-04-10T14:46:14Z","message":"agent service host completed"}
dozzle-1  | {"level":"debug","version":"v10.3.0","endpoint":"dozzle-test:7007","host":"Test","deadline":"9.999s","elapsed":0.94825,"time":"2026-04-10T14:46:14Z","message":"agent client host completed"}
dozzle-1  | {"level":"debug","version":"v10.3.0","host":"Test","caller":"docker.(*RetriableClientManager).Hosts.func1","elapsed":0.96559,"time":"2026-04-10T14:46:14Z","message":"agent service host completed"}
dozzle-1  | {"level":"debug","version":"v10.3.0","hosts":3,"caller":"docker.(*MultiHostService).Hosts:320","elapsed":1.049169,"time":"2026-04-10T14:46:14Z","message":"retriable manager hosts completed"}
dozzle-1  | {"level":"debug","version":"v10.3.0","clients":3,"failedAgents":0,"caller":"docker.(*MultiHostService).Hosts:320","deadline":"10s","time":"2026-04-10T14:46:14Z","message":"retriable manager hosts started"}
dozzle-1  | {"level":"debug","version":"v10.3.0","host":"Developer","time":"2026-04-10T14:46:14Z","message":"Fetching host"}
dozzle-1  | {"level":"debug","version":"v10.3.0","endpoint":"dozzle-test:7007","host":"Test","deadline":"9.999s","elapsed":1.088937,"time":"2026-04-10T14:46:14Z","message":"agent client host completed"}
dozzle-1  | {"level":"debug","version":"v10.3.0","host":"Test","caller":"docker.(*RetriableClientManager).Hosts.func1","elapsed":1.111916,"time":"2026-04-10T14:46:14Z","message":"agent service host completed"}
dozzle-1  | {"level":"debug","version":"v10.3.0","endpoint":"dozzle-release:7007","host":"Release","deadline":"9.999s","elapsed":1.26878,"time":"2026-04-10T14:46:14Z","message":"agent client host completed"}
dozzle-1  | {"level":"debug","version":"v10.3.0","host":"Release","caller":"docker.(*RetriableClientManager).Hosts.func1","elapsed":1.384786,"time":"2026-04-10T14:46:14Z","message":"agent service host completed"}
dozzle-1  | {"level":"debug","version":"v10.3.0","hosts":3,"caller":"docker.(*MultiHostService).Hosts:320","elapsed":1.631562,"time":"2026-04-10T14:46:14Z","message":"retriable manager hosts completed"}
dozzle-1  | {"level":"debug","version":"v10.3.0","id":"1bc6a7981ab8","time":"2026-04-10T14:46:14Z","message":"container not found"}
dozzle-1  | {"level":"debug","version":"v10.3.0","id":"59f88634177d","time":"2026-04-10T14:46:14Z","message":"container not found"}
dozzle-1  | {"level":"debug","version":"v10.3.0","id":"e1a6103ad4be","time":"2026-04-10T14:46:14Z","message":"container not found"}
dozzle-1  | {"level":"debug","version":"v10.3.0","host":"Developer","time":"2026-04-10T14:46:15Z","message":"Fetching host"}
dozzle-1  | {"level":"debug","version":"v10.3.0","id":"1bc6a7981ab8","time":"2026-04-10T14:46:15Z","message":"container not found"}
dozzle-1  | {"level":"debug","version":"v10.3.0","id":"59f88634177d","time":"2026-04-10T14:46:15Z","message":"container not found"}
dozzle-1  | {"level":"debug","version":"v10.3.0","id":"e1a6103ad4be","time":"2026-04-10T14:46:15Z","message":"container not found"}
dozzle-1  | {"level":"debug","version":"v10.3.0","host":"Developer","time":"2026-04-10T14:46:16Z","message":"Fetching host"}
dozzle-1  | {"level":"debug","version":"v10.3.0","id":"1bc6a7981ab8","time":"2026-04-10T14:46:16Z","message":"container not found"}
dozzle-1  | {"level":"debug","version":"v10.3.0","id":"59f88634177d","time":"2026-04-10T14:46:16Z","message":"container not found"}
dozzle-1  | {"level":"debug","version":"v10.3.0","id":"e1a6103ad4be","time":"2026-04-10T14:46:16Z","message":"container not found"}
dozzle-1  | {"level":"debug","version":"v10.3.0","id":"59f88634177d","time":"2026-04-10T14:46:17Z","message":"container not found"}
dozzle-1  | {"level":"debug","version":"v10.3.0","id":"e1a6103ad4be","time":"2026-04-10T14:46:17Z","message":"container not found"}
dozzle-1  | {"level":"debug","version":"v10.3.0","id":"1bc6a7981ab8","time":"2026-04-10T14:46:18Z","message":"container not found"}
dozzle-1  | {"level":"debug","version":"v10.3.0","id":"59f88634177d","time":"2026-04-10T14:46:19Z","message":"container not found"}
dozzle-1  | {"level":"debug","version":"v10.3.0","id":"e1a6103ad4be","time":"2026-04-10T14:46:19Z","message":"container not found"}
dozzle-1  | {"level":"debug","version":"v10.3.0","id":"1bc6a7981ab8","time":"2026-04-10T14:46:19Z","message":"container not found"}
dozzle-1  | {"level":"debug","version":"v10.3.0","id":"59f88634177d","time":"2026-04-10T14:46:20Z","message":"container not found"}
dozzle-1  | {"level":"debug","version":"v10.3.0","id":"e1a6103ad4be","time":"2026-04-10T14:46:20Z","message":"container not found"}
dozzle-1  | {"level":"debug","version":"v10.3.0","id":"1bc6a7981ab8","time":"2026-04-10T14:46:20Z","message":"container not found"}
dozzle-1  | {"level":"debug","version":"v10.3.0","id":"1bc6a7981ab8","time":"2026-04-10T14:46:21Z","message":"container not found"}
dozzle-1  | {"level":"debug","version":"v10.3.0","id":"59f88634177d","time":"2026-04-10T14:46:21Z","message":"container not found"}
dozzle-1  | {"level":"debug","version":"v10.3.0","id":"e1a6103ad4be","time":"2026-04-10T14:46:21Z","message":"container not found"}
dozzle-1  | {"level":"debug","version":"v10.3.0","id":"1bc6a7981ab8","time":"2026-04-10T14:46:22Z","message":"container not found"}
dozzle-1  | {"level":"debug","version":"v10.3.0","id":"59f88634177d","time":"2026-04-10T14:46:22Z","message":"container not found"}
dozzle-1  | {"level":"debug","version":"v10.3.0","id":"e1a6103ad4be","time":"2026-04-10T14:46:22Z","message":"container not found"}
dozzle-1  | {"level":"debug","version":"v10.3.0","id":"1bc6a7981ab8","time":"2026-04-10T14:46:23Z","message":"container not found"}
dozzle-1  | {"level":"debug","version":"v10.3.0","id":"59f88634177d","time":"2026-04-10T14:46:23Z","message":"container not found"}
dozzle-1  | {"level":"debug","version":"v10.3.0","id":"e1a6103ad4be","time":"2026-04-10T14:46:23Z","message":"container not found"}
dozzle-1  | {"level":"debug","version":"v10.3.0","id":"1bc6a7981ab8","time":"2026-04-10T14:46:24Z","message":"container not found"}
dozzle-1  | {"level":"debug","version":"v10.3.0","id":"59f88634177d","time":"2026-04-10T14:46:24Z","message":"container not found"}
dozzle-1  | {"level":"debug","version":"v10.3.0","id":"e1a6103ad4be","time":"2026-04-10T14:46:24Z","message":"container not found"}
dozzle-1  | {"level":"debug","version":"v10.3.0","id":"1bc6a7981ab8","time":"2026-04-10T14:46:25Z","message":"container not found"}
dozzle-1  | {"level":"debug","version":"v10.3.0","id":"59f88634177d","time":"2026-04-10T14:46:25Z","message":"container not found"}
dozzle-1  | {"level":"debug","version":"v10.3.0","id":"e1a6103ad4be","time":"2026-04-10T14:46:25Z","message":"container not found"}
dozzle-1  | {"level":"debug","version":"v10.3.0","id":"1bc6a7981ab8","time":"2026-04-10T14:46:26Z","message":"container not found"}
dozzle-1  | {"level":"debug","version":"v10.3.0","id":"59f88634177d","time":"2026-04-10T14:46:26Z","message":"container not found"}
dozzle-1  | {"level":"debug","version":"v10.3.0","id":"e1a6103ad4be","time":"2026-04-10T14:46:26Z","message":"container not found"}
dozzle-1  | {"level":"debug","version":"v10.3.0","id":"1bc6a7981ab8","time":"2026-04-10T14:46:27Z","message":"container not found"}
dozzle-1  | {"level":"debug","version":"v10.3.0","id":"59f88634177d","time":"2026-04-10T14:46:27Z","message":"container not found"}
dozzle-1  | {"level":"debug","version":"v10.3.0","id":"e1a6103ad4be","time":"2026-04-10T14:46:27Z","message":"container not found"}
dozzle-1  | {"level":"debug","version":"v10.3.0","id":"59f88634177d","time":"2026-04-10T14:46:28Z","message":"container not found"}
dozzle-1  | {"level":"debug","version":"v10.3.0","id":"e1a6103ad4be","time":"2026-04-10T14:46:28Z","message":"container not found"}
dozzle-1  | {"level":"debug","version":"v10.3.0","id":"1bc6a7981ab8","time":"2026-04-10T14:46:28Z","message":"container not found"}
dozzle-1  | {"level":"debug","version":"v10.3.0","id":"1bc6a7981ab8","time":"2026-04-10T14:46:29Z","message":"container not found"}
dozzle-1  | {"level":"debug","version":"v10.3.0","id":"59f88634177d","time":"2026-04-10T14:46:29Z","message":"container not found"}
dozzle-1  | {"level":"debug","version":"v10.3.0","id":"e1a6103ad4be","time":"2026-04-10T14:46:29Z","message":"container not found"}
dozzle-1  | {"level":"debug","version":"v10.3.0","id":"1bc6a7981ab8","time":"2026-04-10T14:46:30Z","message":"container not found"}
dozzle-1  | {"level":"debug","version":"v10.3.0","id":"59f88634177d","time":"2026-04-10T14:46:30Z","message":"container not found"}
dozzle-1  | {"level":"debug","version":"v10.3.0","id":"e1a6103ad4be","time":"2026-04-10T14:46:30Z","message":"container not found"}
dozzle-1  | {"level":"debug","version":"v10.3.0","id":"1bc6a7981ab8","time":"2026-04-10T14:46:31Z","message":"container not found"}
dozzle-1  | {"level":"debug","version":"v10.3.0","id":"59f88634177d","time":"2026-04-10T14:46:31Z","message":"container not found"}
dozzle-1  | {"level":"debug","version":"v10.3.0","id":"e1a6103ad4be","time":"2026-04-10T14:46:31Z","message":"container not found"}
dozzle-1  | {"level":"debug","version":"v10.3.0","id":"1bc6a7981ab8","time":"2026-04-10T14:46:32Z","message":"container not found"}
dozzle-1  | {"level":"debug","version":"v10.3.0","id":"59f88634177d","time":"2026-04-10T14:46:32Z","message":"container not found"}
dozzle-1  | {"level":"debug","version":"v10.3.0","id":"e1a6103ad4be","time":"2026-04-10T14:46:32Z","message":"container not found"}
dozzle-1  | {"level":"debug","version":"v10.3.0","id":"e1a6103ad4be","time":"2026-04-10T14:46:33Z","message":"container not found"}
dozzle-1  | {"level":"debug","version":"v10.3.0","id":"1bc6a7981ab8","time":"2026-04-10T14:46:33Z","message":"container not found"}
dozzle-1  | {"level":"debug","version":"v10.3.0","id":"59f88634177d","time":"2026-04-10T14:46:33Z","message":"container not found"}
dozzle-1  | {"level":"debug","version":"v10.3.0","id":"1bc6a7981ab8","time":"2026-04-10T14:46:34Z","message":"container not found"}
dozzle-1  | {"level":"debug","version":"v10.3.0","id":"59f88634177d","time":"2026-04-10T14:46:34Z","message":"container not found"}
dozzle-1  | {"level":"debug","version":"v10.3.0","id":"e1a6103ad4be","time":"2026-04-10T14:46:34Z","message":"container not found"}
dozzle-1  | {"level":"debug","version":"v10.3.0","id":"1bc6a7981ab8","time":"2026-04-10T14:46:35Z","message":"container not found"}
dozzle-1  | {"level":"debug","version":"v10.3.0","id":"59f88634177d","time":"2026-04-10T14:46:35Z","message":"container not found"}
dozzle-1  | {"level":"debug","version":"v10.3.0","id":"e1a6103ad4be","time":"2026-04-10T14:46:35Z","message":"container not found"}